INSERT INTO divisions (id, bbsCode, name, nameBn) VALUES ('1', '10', 'Barisal', 'বরিশাল');
INSERT INTO districts (id, division_id, bbsCode, name, nameBn) VALUES ('1', '1', '04', 'BARGUNA', 'বরগুনা');
INSERT INTO thanas (id, district_id, division_id, name, nameBn, bbsCode) VALUES ('17', '1', '1', 'AMTALI', 'আমতলী', '09');
INSERT INTO thanas (id, district_id, division_id, name, nameBn, bbsCode) VALUES ('18', '1', '1', 'BAMNA', 'বামনা', '19');
INSERT INTO thanas (id, district_id, division_id, name, nameBn, bbsCode) VALUES ('19', '1', '1', 'BARGUNA SADAR', 'বরগুনা সদর', '28');
INSERT INTO thanas (id, district_id, division_id, name, nameBn, bbsCode) VALUES ('20', '1', '1', 'BETAGI', 'বেতাগী', '47');
INSERT INTO thanas (id, district_id, division_id, name, nameBn, bbsCode) VALUES ('21', '1', '1', 'PATHARGHATA', 'পাথরঘাটা', '85');
INSERT INTO thanas (id, district_id, division_id, name, nameBn, bbsCode) VALUES ('22', '1', '1', 'TALTALI', 'তালতলী', '90');
INSERT INTO upazillas (id, district_id, division_id, name, nameBn, bbsCode) VALUES ('1', '1', '1', 'AMTALI', 'আমতলী ', '09');
INSERT INTO upazillas (id, district_id, division_id, name, nameBn, bbsCode) VALUES ('2', '1', '1', 'BAMNA', 'বামনা ', '19');
INSERT INTO upazillas (id, district_id, division_id, name, nameBn, bbsCode) VALUES ('3', '1', '1', 'BARGUNA SADAR', 'বরগুনা সদর ', '28');
INSERT INTO upazillas (id, district_id, division_id, name, nameBn, bbsCode) VALUES ('4', '1', '1', 'BETAGI', 'বেতাগী ', '47');
INSERT INTO upazillas (id, district_id, division_id, name, nameBn, bbsCode) VALUES ('5', '1', '1', 'PATHARGHATA', 'পাথরঘাটা ', '85');
INSERT INTO upazillas (id, district_id, division_id, name, nameBn, bbsCode) VALUES ('6', '1', '1', 'TALTALI', 'তালতলি ', '90');
INSERT INTO districts (id, division_id, bbsCode, name, nameBn) VALUES ('2', '1', '06', 'BARISAL', 'বরিশাল');
INSERT INTO thanas (id, district_id, division_id, name, nameBn, bbsCode) VALUES ('23', '2', '1', 'AGAILJHARA', 'আগৈলঝাড়া', '02');
INSERT INTO thanas (id, district_id, division_id, name, nameBn, bbsCode) VALUES ('24', '2', '1', 'BABUGANJ', 'বাবুগঞ্জ', '03');
INSERT INTO thanas (id, district_id, division_id, name, nameBn, bbsCode) VALUES ('25', '2', '1', 'BAKERGANJ', 'বাকেরগঞ্জ', '07');
INSERT INTO thanas (id, district_id, division_id, name, nameBn, bbsCode) VALUES ('26', '2', '1', 'BANARI PARA', 'বানারী পাড়া', '10');
INSERT INTO thanas (id, district_id, division_id, name, nameBn, bbsCode) VALUES ('27', '2', '1', 'GAURNADI', 'গৌরনদী', '32');
INSERT INTO thanas (id, district_id, division_id, name, nameBn, bbsCode) VALUES ('28', '2', '1', 'HIZLA', 'হিজলা', '36');
INSERT INTO thanas (id, district_id, division_id, name, nameBn, bbsCode) VALUES ('29', '2', '1', 'BARISAL SADAR (KOTWALI)', 'বরিশাল সদর', '51');
INSERT INTO thanas (id, district_id, division_id, name, nameBn, bbsCode) VALUES ('30', '2', '1', 'MEHENDIGANJ', 'মেহেন্দীগঞ্জ', '62');
INSERT INTO thanas (id, district_id, division_id, name, nameBn, bbsCode) VALUES ('31', '2', '1', 'MULADI', 'মুলাদী', '69');
INSERT INTO thanas (id, district_id, division_id, name, nameBn, bbsCode) VALUES ('32', '2', '1', 'WAZIRPUR', 'উজিরপুর', '94');
INSERT INTO city_corporations (id, district_id, division_id, name, nameBn, bbsCode) VALUES ('1', '2', '1', 'BARISAL CITY CORP.', 'বরিশাল সিটি কর্পোরেশন', '50');
INSERT INTO upazillas (id, district_id, division_id, name, nameBn, bbsCode) VALUES ('7', '2', '1', 'AGAILJHARA', 'আগৈলঝাড়া', '2');
INSERT INTO upazillas (id, district_id, division_id, name, nameBn, bbsCode) VALUES ('8', '2', '1', 'BABUGANJ', 'বাবুগঞ্জ ', '3');
INSERT INTO upazillas (id, district_id, division_id, name, nameBn, bbsCode) VALUES ('9', '2', '1', 'BAKERGANJ', 'বাকেরগঞ্জ', '7');
INSERT INTO upazillas (id, district_id, division_id, name, nameBn, bbsCode) VALUES ('10', '2', '1', 'BANARI PARA', 'বানারীপাড়া ', '10');
INSERT INTO upazillas (id, district_id, division_id, name, nameBn, bbsCode) VALUES ('11', '2', '1', 'GAURNADI', 'গৌরনদী ', '32');
INSERT INTO upazillas (id, district_id, division_id, name, nameBn, bbsCode) VALUES ('12', '2', '1', 'HIZLA', 'হিজলা ', '36');
INSERT INTO upazillas (id, district_id, division_id, name, nameBn, bbsCode) VALUES ('13', '2', '1', 'BARISAL SADAR (KOTWALI)', 'বরিশাল সদর (কোতোয়ালী)', '51');
INSERT INTO upazillas (id, district_id, division_id, name, nameBn, bbsCode) VALUES ('14', '2', '1', 'MEHENDIGANJ', 'মেহেন্দিগঞ্জ ', '62');
INSERT INTO upazillas (id, district_id, division_id, name, nameBn, bbsCode) VALUES ('15', '2', '1', 'MULADI', 'মুলাদী  ', '69');
INSERT INTO upazillas (id, district_id, division_id, name, nameBn, bbsCode) VALUES ('16', '2', '1', 'WAZIRPUR', 'উজিরপুর  ', '94');
INSERT INTO districts (id, division_id, bbsCode, name, nameBn) VALUES ('3', '1', '09', 'BHOLA', 'ভোলা');
INSERT INTO thanas (id, district_id, division_id, name, nameBn, bbsCode) VALUES ('33', '3', '1', 'BHOLA SADAR', 'ভোলা সদর', '18');
INSERT INTO thanas (id, district_id, division_id, name, nameBn, bbsCode) VALUES ('34', '3', '1', 'BURHANUDDIN', 'বোরহানউদ্দীন', '21');
INSERT INTO thanas (id, district_id, division_id, name, nameBn, bbsCode) VALUES ('35', '3', '1', 'CHAR FASSON', 'চরফ্যাশন', '25');
INSERT INTO thanas (id, district_id, division_id, name, nameBn, bbsCode) VALUES ('36', '3', '1', 'DAULAT KHAN', 'দৌলত খান', '29');
INSERT INTO thanas (id, district_id, division_id, name, nameBn, bbsCode) VALUES ('37', '3', '1', 'LALMOHAN', 'লালমোহন', '54');
INSERT INTO thanas (id, district_id, division_id, name, nameBn, bbsCode) VALUES ('38', '3', '1', 'MANPURA', 'মনপুরা', '65');
INSERT INTO thanas (id, district_id, division_id, name, nameBn, bbsCode) VALUES ('39', '3', '1', 'TAZUMUDDIN', 'তজুমুদ্দিন', '91');
INSERT INTO upazillas (id, district_id, division_id, name, nameBn, bbsCode) VALUES ('17', '3', '1', 'BHOLA SADAR', 'ভোলা সদর', '18');
INSERT INTO upazillas (id, district_id, division_id, name, nameBn, bbsCode) VALUES ('18', '3', '1', 'BURHANUDDIN', 'বোরহানউদ্দিন ', '21');
INSERT INTO upazillas (id, district_id, division_id, name, nameBn, bbsCode) VALUES ('19', '3', '1', 'DAULAT KHAN', 'দৌলতখান', '29');
INSERT INTO upazillas (id, district_id, division_id, name, nameBn, bbsCode) VALUES ('20', '3', '1', 'LALMOHAN', 'লালমোহন ', '54');
INSERT INTO upazillas (id, district_id, division_id, name, nameBn, bbsCode) VALUES ('21', '3', '1', 'MANPURA', 'মনপুরা ', '65');
INSERT INTO upazillas (id, district_id, division_id, name, nameBn, bbsCode) VALUES ('22', '3', '1', 'TAZUMUDDIN', 'তজুমদ্দিন ', '91');
INSERT INTO districts (id, division_id, bbsCode, name, nameBn) VALUES ('4', '1', '42', 'JHALOKATI', 'ঝালকাঠি');
INSERT INTO thanas (id, district_id, division_id, name, nameBn, bbsCode) VALUES ('250', '4', '1', 'JHALOKATI SADAR', 'ঝালকাঠী সদর', '40');
INSERT INTO thanas (id, district_id, division_id, name, nameBn, bbsCode) VALUES ('251', '4', '1', 'KANTHALIA', 'কাঠালিয়া', '43');
INSERT INTO thanas (id, district_id, division_id, name, nameBn, bbsCode) VALUES ('252', '4', '1', 'NALCHITY', 'নলছিটি', '73');
INSERT INTO thanas (id, district_id, division_id, name, nameBn, bbsCode) VALUES ('253', '4', '1', 'RAJAPUR', 'রাজাপুর', '84');
INSERT INTO upazillas (id, district_id, division_id, name, nameBn, bbsCode) VALUES ('23', '4', '1', 'JHALOKATI SADAR', 'ঝালকাঠি সদর', '40');
INSERT INTO upazillas (id, district_id, division_id, name, nameBn, bbsCode) VALUES ('24', '4', '1', 'NALCHITY', 'নলছিটি ', '73');
INSERT INTO upazillas (id, district_id, division_id, name, nameBn, bbsCode) VALUES ('25', '4', '1', 'KATHALIA', 'কাঠালিয়া', '43');
INSERT INTO districts (id, division_id, bbsCode, name, nameBn) VALUES ('5', '1', '78', 'PATUAKHALI', 'পটুয়াখালী ');
INSERT INTO thanas (id, district_id, division_id, name, nameBn, bbsCode) VALUES ('440', '5', '1', 'BAUPHAL', 'বাউফল', '38');
INSERT INTO thanas (id, district_id, division_id, name, nameBn, bbsCode) VALUES ('441', '5', '1', 'DASHMINA', 'দশমিনা', '52');
INSERT INTO thanas (id, district_id, division_id, name, nameBn, bbsCode) VALUES ('442', '5', '1', 'DUMKI', 'দুম্‌কী', '55');
INSERT INTO thanas (id, district_id, division_id, name, nameBn, bbsCode) VALUES ('443', '5', '1', 'GALACHIPA', 'গলাচিপা', '57');
INSERT INTO thanas (id, district_id, division_id, name, nameBn, bbsCode) VALUES ('444', '5', '1', 'KALAPARA', 'কলাপাড়া', '66');
INSERT INTO thanas (id, district_id, division_id, name, nameBn, bbsCode) VALUES ('445', '5', '1', 'MIRZAGANJ', 'মির্জাগঞ্জ', '76');
INSERT INTO thanas (id, district_id, division_id, name, nameBn, bbsCode) VALUES ('446', '5', '1', 'PATUAKHALI SADAR', 'পটুয়াথালী সদর', '95');
INSERT INTO thanas (id, district_id, division_id, name, nameBn, bbsCode) VALUES ('447', '5', '1', 'RANGABALI', 'রাঙ্গাবালী', '97');
INSERT INTO upazillas (id, district_id, division_id, name, nameBn, bbsCode) VALUES ('26', '5', '1', 'BAUPHAL', 'বাউফল ', '38');
INSERT INTO upazillas (id, district_id, division_id, name, nameBn, bbsCode) VALUES ('27', '5', '1', 'DASHMINA', 'দশমিনা ', '52');
INSERT INTO upazillas (id, district_id, division_id, name, nameBn, bbsCode) VALUES ('28', '5', '1', 'DUMKI', 'দুমকি ', '55');
INSERT INTO upazillas (id, district_id, division_id, name, nameBn, bbsCode) VALUES ('29', '5', '1', 'KALAPARA', 'কলাপাড়া ', '66');
INSERT INTO upazillas (id, district_id, division_id, name, nameBn, bbsCode) VALUES ('30', '5', '1', 'MIRZAGANJ', 'মির্জাগঞ্জ', '76');
INSERT INTO upazillas (id, district_id, division_id, name, nameBn, bbsCode) VALUES ('31', '5', '1', 'PATUAKHALI SADAR', 'পটুয়াখালী সদর ', '95');
INSERT INTO upazillas (id, district_id, division_id, name, nameBn, bbsCode) VALUES ('32', '5', '1', 'RANGABALI', 'রাঙ্গাবালী ', '97');
INSERT INTO districts (id, division_id, bbsCode, name, nameBn) VALUES ('6', '1', '79', 'PIROJPUR', 'পিরোজপুর ');
INSERT INTO thanas (id, district_id, division_id, name, nameBn, bbsCode) VALUES ('448', '6', '1', 'BHANDARIA', 'ভান্ডারিয়া', '14');
INSERT INTO thanas (id, district_id, division_id, name, nameBn, bbsCode) VALUES ('449', '6', '1', 'KAWKHALI', 'কাউখালী', '47');
INSERT INTO thanas (id, district_id, division_id, name, nameBn, bbsCode) VALUES ('450', '6', '1', 'MATHBARIA', 'মঠবাড়ীয়া', '58');
INSERT INTO thanas (id, district_id, division_id, name, nameBn, bbsCode) VALUES ('451', '6', '1', 'NAZIRPUR', 'নাজিরপুর', '76');
INSERT INTO thanas (id, district_id, division_id, name, nameBn, bbsCode) VALUES ('452', '6', '1', 'PIROJPUR SADAR', 'পিরোজপুর সদর', '80');
INSERT INTO thanas (id, district_id, division_id, name, nameBn, bbsCode) VALUES ('453', '6', '1', 'NESARABAD (SWARUPKATI)', 'নেছারাবাদ(স্বরূপকাঠী)', '87');
INSERT INTO thanas (id, district_id, division_id, name, nameBn, bbsCode) VALUES ('454', '6', '1', 'ZIANAGAR', 'জিয়ানগর', '90');
INSERT INTO upazillas (id, district_id, division_id, name, nameBn, bbsCode) VALUES ('33', '6', '1', 'BHANDARIA', 'ভান্ডারিয়া ', '14');
INSERT INTO upazillas (id, district_id, division_id, name, nameBn, bbsCode) VALUES ('34', '6', '1', 'KAWKHALI', 'কাউখালী ', '47');
INSERT INTO upazillas (id, district_id, division_id, name, nameBn, bbsCode) VALUES ('35', '6', '1', 'MATHBARIA', 'মঠবাড়ীয়া ', '58');
INSERT INTO upazillas (id, district_id, division_id, name, nameBn, bbsCode) VALUES ('36', '6', '1', 'NAZIRPUR', 'নাজিরপুর ', '76');
INSERT INTO upazillas (id, district_id, division_id, name, nameBn, bbsCode) VALUES ('37', '6', '1', 'PIROJPUR SADAR', 'পিরোজপুর সদর ', '80');
INSERT INTO upazillas (id, district_id, division_id, name, nameBn, bbsCode) VALUES ('38', '6', '1', 'NESARABAD (SWARUPKATI)', 'নেছারাবা ( স্বরুপকাঠী) ', '87');
INSERT INTO upazillas (id, district_id, division_id, name, nameBn, bbsCode) VALUES ('39', '6', '1', 'INDURKANI', 'ইন্দুরকানী', '90');
INSERT INTO divisions (id, bbsCode, name, nameBn) VALUES ('2', '20', 'Chittagong', 'চট্টগ্রাম');
INSERT INTO districts (id, division_id, bbsCode, name, nameBn) VALUES ('7', '2', '03', 'BANDARBAN', 'বান্দরবান');
INSERT INTO thanas (id, district_id, division_id, name, nameBn, bbsCode) VALUES ('10', '7', '2', 'ALIKADAM', 'আলীকদম', '04');
INSERT INTO thanas (id, district_id, division_id, name, nameBn, bbsCode) VALUES ('11', '7', '2', 'BANDARBAN SADAR', 'বান্দরবান সদর', '14');
INSERT INTO thanas (id, district_id, division_id, name, nameBn, bbsCode) VALUES ('12', '7', '2', 'LAMA', 'লামা', '51');
INSERT INTO thanas (id, district_id, division_id, name, nameBn, bbsCode) VALUES ('13', '7', '2', 'NAIKHONGCHHARI', 'নাইক্ষ্যংছড়ি', '73');
INSERT INTO thanas (id, district_id, division_id, name, nameBn, bbsCode) VALUES ('14', '7', '2', 'ROWANGCHHARI', 'রোয়াংছড়ি', '89');
INSERT INTO thanas (id, district_id, division_id, name, nameBn, bbsCode) VALUES ('15', '7', '2', 'RUMA', 'রুমা', '91');
INSERT INTO thanas (id, district_id, division_id, name, nameBn, bbsCode) VALUES ('16', '7', '2', 'THANCHI', 'থান্‌চি', '95');
INSERT INTO upazillas (id, district_id, division_id, name, nameBn, bbsCode) VALUES ('40', '7', '2', 'ALIKADAM', 'আলীকদম ', '4');
INSERT INTO upazillas (id, district_id, division_id, name, nameBn, bbsCode) VALUES ('42', '7', '2', 'LAMA', 'লামা', '51');
INSERT INTO upazillas (id, district_id, division_id, name, nameBn, bbsCode) VALUES ('43', '7', '2', 'NAIKHONGCHHARI', 'নাইক্ষ্যংছড়ি', '73');
INSERT INTO upazillas (id, district_id, division_id, name, nameBn, bbsCode) VALUES ('44', '7', '2', 'ROWANGCHHARI', 'রোয়াংছড়ি', '89');
INSERT INTO upazillas (id, district_id, division_id, name, nameBn, bbsCode) VALUES ('45', '7', '2', 'RUMA', 'রুমা ', '91');
INSERT INTO upazillas (id, district_id, division_id, name, nameBn, bbsCode) VALUES ('46', '7', '2', 'THANCHI', 'থানচি', '95');
INSERT INTO districts (id, division_id, bbsCode, name, nameBn) VALUES ('8', '2', '12', 'BRAHMANBARIA', 'ব্রাহ্মণবাড়িয়া');
INSERT INTO thanas (id, district_id, division_id, name, nameBn, bbsCode) VALUES ('52', '8', '2', 'AKHAURA', 'আখাউড়া', '02');
INSERT INTO thanas (id, district_id, division_id, name, nameBn, bbsCode) VALUES ('53', '8', '2', 'BANCHHARAMPUR', 'বাঞ্ছারামপুর', '04');
INSERT INTO thanas (id, district_id, division_id, name, nameBn, bbsCode) VALUES ('54', '8', '2', 'BIJOYNAGAR', 'বিজয়নগর', '07');
INSERT INTO thanas (id, district_id, division_id, name, nameBn, bbsCode) VALUES ('55', '8', '2', 'BRAHMANBARIA SADAR', 'ব্রাক্ষ্মণবাড়িয়া সদর', '13');
INSERT INTO thanas (id, district_id, division_id, name, nameBn, bbsCode) VALUES ('56', '8', '2', 'ASHUGANJ', 'আশুগঞ্জ', '33');
INSERT INTO thanas (id, district_id, division_id, name, nameBn, bbsCode) VALUES ('57', '8', '2', 'KASBA', 'কস্‌বা', '63');
INSERT INTO thanas (id, district_id, division_id, name, nameBn, bbsCode) VALUES ('58', '8', '2', 'NABINAGAR', 'নবীনগর', '85');
INSERT INTO thanas (id, district_id, division_id, name, nameBn, bbsCode) VALUES ('59', '8', '2', 'NASIRNAGAR', 'নাসিরনগর', '90');
INSERT INTO thanas (id, district_id, division_id, name, nameBn, bbsCode) VALUES ('60', '8', '2', 'SARAIL', 'সরাইল', '94');
INSERT INTO upazillas (id, district_id, division_id, name, nameBn, bbsCode) VALUES ('47', '8', '2', 'AKHAURA', 'আখাউড়া', '2');
INSERT INTO upazillas (id, district_id, division_id, name, nameBn, bbsCode) VALUES ('48', '8', '2', 'BANCHHARAMPUR', 'বাঞ্ছারামপুর ', '4');
INSERT INTO upazillas (id, district_id, division_id, name, nameBn, bbsCode) VALUES ('49', '8', '2', 'BIJOYNAGAR', 'বিজয়নগর', '7');
INSERT INTO upazillas (id, district_id, division_id, name, nameBn, bbsCode) VALUES ('50', '8', '2', 'BRAHMANBARIA SADAR', 'ব্রাহ্মণবাড়িয়া সদর', '13');
INSERT INTO upazillas (id, district_id, division_id, name, nameBn, bbsCode) VALUES ('51', '8', '2', 'ASHUGANJ', 'আশুগঞ্জ', '33');
INSERT INTO upazillas (id, district_id, division_id, name, nameBn, bbsCode) VALUES ('52', '8', '2', 'KASBA', 'কসবা', '63');
INSERT INTO upazillas (id, district_id, division_id, name, nameBn, bbsCode) VALUES ('53', '8', '2', 'NABINAGAR', 'নবীনগর', '85');
INSERT INTO upazillas (id, district_id, division_id, name, nameBn, bbsCode) VALUES ('54', '8', '2', 'NASIRNAGAR', 'নাসিরনগর', '90');
INSERT INTO upazillas (id, district_id, division_id, name, nameBn, bbsCode) VALUES ('55', '8', '2', 'SARAIL', 'সরাইল', '94');
INSERT INTO districts (id, division_id, bbsCode, name, nameBn) VALUES ('9', '2', '13', 'CHANDPUR', 'চাঁদপুর');
INSERT INTO thanas (id, district_id, division_id, name, nameBn, bbsCode) VALUES ('61', '9', '2', 'CHANDPUR SADAR', 'চাঁদপুর সদর', '22');
INSERT INTO thanas (id, district_id, division_id, name, nameBn, bbsCode) VALUES ('62', '9', '2', 'FARIDGANJ', 'ফরিদগঞ্জ', '45');
INSERT INTO thanas (id, district_id, division_id, name, nameBn, bbsCode) VALUES ('63', '9', '2', 'HAIM CHAR', 'হাইমচর', '47');
INSERT INTO thanas (id, district_id, division_id, name, nameBn, bbsCode) VALUES ('64', '9', '2', 'HAJIGANJ', 'হাজীগঞ্জ', '49');
INSERT INTO thanas (id, district_id, division_id, name, nameBn, bbsCode) VALUES ('65', '9', '2', 'KACHUA', 'কচুয়া', '58');
INSERT INTO thanas (id, district_id, division_id, name, nameBn, bbsCode) VALUES ('66', '9', '2', 'MATLAB DAKSHIN', 'মতলব দক্ষিণ', '76');
INSERT INTO thanas (id, district_id, division_id, name, nameBn, bbsCode) VALUES ('67', '9', '2', 'MATLAB UTTAR', 'মতলব উত্তর', '79');
INSERT INTO thanas (id, district_id, division_id, name, nameBn, bbsCode) VALUES ('68', '9', '2', 'SHAHRASTI', 'শাহরাস্তি', '95');
INSERT INTO upazillas (id, district_id, division_id, name, nameBn, bbsCode) VALUES ('56', '9', '2', 'CHANDPUR SADAR', 'চাঁদপুর সদর', '22');
INSERT INTO upazillas (id, district_id, division_id, name, nameBn, bbsCode) VALUES ('57', '9', '2', 'FARIDGANJ', 'ফরিদগঞ্জ', '45');
INSERT INTO upazillas (id, district_id, division_id, name, nameBn, bbsCode) VALUES ('58', '9', '2', 'HAIM CHAR', 'হাইমচর', '47');
INSERT INTO upazillas (id, district_id, division_id, name, nameBn, bbsCode) VALUES ('59', '9', '2', 'HAJIGANJ', 'হাজীগঞ্জ', '49');
INSERT INTO upazillas (id, district_id, division_id, name, nameBn, bbsCode) VALUES ('60', '9', '2', 'KACHUA', 'কচুয়া', '58');
INSERT INTO upazillas (id, district_id, division_id, name, nameBn, bbsCode) VALUES ('61', '9', '2', 'MATLAB DAKSHIN', 'মতলব দক্ষিণ', '76');
INSERT INTO upazillas (id, district_id, division_id, name, nameBn, bbsCode) VALUES ('62', '9', '2', 'MATLAB UTTAR', 'মতলব উত্তর', '79');
INSERT INTO upazillas (id, district_id, division_id, name, nameBn, bbsCode) VALUES ('63', '9', '2', 'SHAHRASTI', 'শাহরাস্তি', '95');
INSERT INTO districts (id, division_id, bbsCode, name, nameBn) VALUES ('10', '2', '15', 'CHITTAGONG', 'চট্টগ্রাম');
INSERT INTO thanas (id, district_id, division_id, name, nameBn, bbsCode) VALUES ('69', '10', '2', 'ANOWARA', 'আনোয়ারা', '04');
INSERT INTO thanas (id, district_id, division_id, name, nameBn, bbsCode) VALUES ('70', '10', '2', 'BAYEJID BOSTAMI', 'বায়জিদ বোস্তামী', '06');
INSERT INTO thanas (id, district_id, division_id, name, nameBn, bbsCode) VALUES ('71', '10', '2', 'BANSHKHALI', 'বাঁশখালী', '08');
INSERT INTO thanas (id, district_id, division_id, name, nameBn, bbsCode) VALUES ('72', '10', '2', 'BAKALIA', 'বাকলীয়া', '10');
INSERT INTO thanas (id, district_id, division_id, name, nameBn, bbsCode) VALUES ('73', '10', '2', 'BOALKHALI', 'বোয়ালখালী', '12');
INSERT INTO thanas (id, district_id, division_id, name, nameBn, bbsCode) VALUES ('74', '10', '2', 'CHANDANAISH', 'চন্দনাইশ', '18');
INSERT INTO thanas (id, district_id, division_id, name, nameBn, bbsCode) VALUES ('75', '10', '2', 'CHANDGAON', 'চাঁদগাও', '19');
INSERT INTO thanas (id, district_id, division_id, name, nameBn, bbsCode) VALUES ('76', '10', '2', 'CHITTAGONG PORT', 'চট্টগ্রাম পোর্ট', '20');
INSERT INTO thanas (id, district_id, division_id, name, nameBn, bbsCode) VALUES ('77', '10', '2', 'DOUBLE MOORING', 'ডবলমুরিং', '28');
INSERT INTO thanas (id, district_id, division_id, name, nameBn, bbsCode) VALUES ('78', '10', '2', 'KARNAFULI (POLICE STATION)', 'কর্ণফুলী (পুলিশ ষ্টেশন)', '39');
INSERT INTO thanas (id, district_id, division_id, name, nameBn, bbsCode) VALUES ('79', '10', '2', 'FATIKCHHARI', 'ফটিকছড়ি', '33');
INSERT INTO thanas (id, district_id, division_id, name, nameBn, bbsCode) VALUES ('80', '10', '2', 'HALISHAHAR', 'হালিশহর', '35');
INSERT INTO thanas (id, district_id, division_id, name, nameBn, bbsCode) VALUES ('81', '10', '2', 'HATHAZARI', 'হাটহাজারী', '37');
INSERT INTO thanas (id, district_id, division_id, name, nameBn, bbsCode) VALUES ('82', '10', '2', 'KOTWALI', 'কোতয়ালী', '41');
INSERT INTO thanas (id, district_id, division_id, name, nameBn, bbsCode) VALUES ('83', '10', '2', 'KHULSHI', 'খুল্‌শী', '43');
INSERT INTO thanas (id, district_id, division_id, name, nameBn, bbsCode) VALUES ('84', '10', '2', 'LOHAGARA', 'লোহাগড়া', '47');
INSERT INTO thanas (id, district_id, division_id, name, nameBn, bbsCode) VALUES ('85', '10', '2', 'MIRSHARAI', 'মিরশরাই', '53');
INSERT INTO thanas (id, district_id, division_id, name, nameBn, bbsCode) VALUES ('86', '10', '2', 'PAHARTALI', 'পাহাড়তলী', '55');
INSERT INTO thanas (id, district_id, division_id, name, nameBn, bbsCode) VALUES ('87', '10', '2', 'PANCHLAISH', 'পাঁচলাইশ', '57');
INSERT INTO thanas (id, district_id, division_id, name, nameBn, bbsCode) VALUES ('88', '10', '2', 'PATIYA', 'পটিয়া', '61');
INSERT INTO thanas (id, district_id, division_id, name, nameBn, bbsCode) VALUES ('89', '10', '2', 'PATENGA', 'পতেঙ্গা', '65');
INSERT INTO thanas (id, district_id, division_id, name, nameBn, bbsCode) VALUES ('90', '10', '2', 'RANGUNIA', 'রাংগুনীয়া', '70');
INSERT INTO thanas (id, district_id, division_id, name, nameBn, bbsCode) VALUES ('91', '10', '2', 'RAOZAN', 'রাউজান', '74');
INSERT INTO thanas (id, district_id, division_id, name, nameBn, bbsCode) VALUES ('92', '10', '2', 'SANDWIP', 'সন্দ্বীপ', '78');
INSERT INTO thanas (id, district_id, division_id, name, nameBn, bbsCode) VALUES ('93', '10', '2', 'SATKANIA', 'সাতকানিয়া', '82');
INSERT INTO thanas (id, district_id, division_id, name, nameBn, bbsCode) VALUES ('94', '10', '2', 'SITAKUNDA', 'সীতাকুন্ড', '86');
INSERT INTO city_corporations (id, district_id, division_id, name, nameBn, bbsCode) VALUES ('2', '10', '2', 'CHITTAGONG CITY CORP.', 'চট্টগ্রাম সিটি কর্পোরেশন', '16');
INSERT INTO upazillas (id, district_id, division_id, name, nameBn, bbsCode) VALUES ('64', '10', '2', 'ANOWARA', 'আনোয়ারা', '4');
INSERT INTO upazillas (id, district_id, division_id, name, nameBn, bbsCode) VALUES ('65', '10', '2', 'BANSHKHALI', 'বাঁশখালী', '8');
INSERT INTO upazillas (id, district_id, division_id, name, nameBn, bbsCode) VALUES ('66', '10', '2', 'BOALKHALI', 'বোয়ালখালী', '12');
INSERT INTO upazillas (id, district_id, division_id, name, nameBn, bbsCode) VALUES ('67', '10', '2', 'CHANDANAISH', 'চন্দনাইশ', '18');
INSERT INTO upazillas (id, district_id, division_id, name, nameBn, bbsCode) VALUES ('68', '10', '2', 'FATIKCHHARI', 'ফটিকছড়ি', '33');
INSERT INTO upazillas (id, district_id, division_id, name, nameBn, bbsCode) VALUES ('69', '10', '2', 'HATHAZARI', 'হাটহাজারী', '37');
INSERT INTO upazillas (id, district_id, division_id, name, nameBn, bbsCode) VALUES ('70', '10', '2', 'LOHAGARA', 'লোহাগাড়া', '47');
INSERT INTO upazillas (id, district_id, division_id, name, nameBn, bbsCode) VALUES ('71', '10', '2', 'MIRSHARAI', 'মীরসরাই', '53');
INSERT INTO upazillas (id, district_id, division_id, name, nameBn, bbsCode) VALUES ('72', '10', '2', 'PATIYA', 'পটিয়া', '61');
INSERT INTO upazillas (id, district_id, division_id, name, nameBn, bbsCode) VALUES ('73', '10', '2', 'RANGUNIA', 'রাঙ্গুনিয়া', '70');
INSERT INTO upazillas (id, district_id, division_id, name, nameBn, bbsCode) VALUES ('74', '10', '2', 'RAOZAN', 'রাউজান', '74');
INSERT INTO upazillas (id, district_id, division_id, name, nameBn, bbsCode) VALUES ('75', '10', '2', 'SANDWIP', 'সন্দ্বীপ', '78');
INSERT INTO upazillas (id, district_id, division_id, name, nameBn, bbsCode) VALUES ('76', '10', '2', 'SATKANIA', 'সাতকানিয়া', '82');
INSERT INTO upazillas (id, district_id, division_id, name, nameBn, bbsCode) VALUES ('77', '10', '2', 'SITAKUNDA', 'সীতাকুণ্ড', '86');
INSERT INTO upazillas (id, district_id, division_id, name, nameBn, bbsCode) VALUES ('495', '10', '2', 'Karnofuli', 'কর্ণফুলী', '39');
INSERT INTO districts (id, division_id, bbsCode, name, nameBn) VALUES ('11', '2', '19', 'COMILLA', 'কুমিল্লা');
INSERT INTO thanas (id, district_id, division_id, name, nameBn, bbsCode) VALUES ('99', '11', '2', 'BARURA', 'বরুড়া', '09');
INSERT INTO thanas (id, district_id, division_id, name, nameBn, bbsCode) VALUES ('100', '11', '2', 'BRAHMAN PARA', 'ব্রাক্ষ্মণ পাড়া', '15');
INSERT INTO thanas (id, district_id, division_id, name, nameBn, bbsCode) VALUES ('101', '11', '2', 'BURICHANG', 'বুড়িচং', '18');
INSERT INTO thanas (id, district_id, division_id, name, nameBn, bbsCode) VALUES ('102', '11', '2', 'CHANDINA', 'চন্দিনা', '27');
INSERT INTO thanas (id, district_id, division_id, name, nameBn, bbsCode) VALUES ('103', '11', '2', 'CHAUDDAGRAM', 'চৌদ্দগ্রাম', '31');
INSERT INTO thanas (id, district_id, division_id, name, nameBn, bbsCode) VALUES ('104', '11', '2', 'COMILLA SADAR DAKSHIN', 'কুমিল্লা সদর দক্ষিণ', '33');
INSERT INTO thanas (id, district_id, division_id, name, nameBn, bbsCode) VALUES ('105', '11', '2', 'DAUDKANDI', 'দাউদকান্দি', '36');
INSERT INTO thanas (id, district_id, division_id, name, nameBn, bbsCode) VALUES ('106', '11', '2', 'DEBIDWAR', 'দেবিদ্বার', '40');
INSERT INTO thanas (id, district_id, division_id, name, nameBn, bbsCode) VALUES ('107', '11', '2', 'HOMNA', 'হোমনা', '54');
INSERT INTO thanas (id, district_id, division_id, name, nameBn, bbsCode) VALUES ('108', '11', '2', 'COMILLA ADARSHA SADAR', 'কুমিল্লা আদর্শ সদর', '67');
INSERT INTO thanas (id, district_id, division_id, name, nameBn, bbsCode) VALUES ('109', '11', '2', 'LAKSAM', 'লাকসাম', '72');
INSERT INTO thanas (id, district_id, division_id, name, nameBn, bbsCode) VALUES ('110', '11', '2', 'MANOHARGANJ', 'মনোহরগঞ্জ', '74');
INSERT INTO thanas (id, district_id, division_id, name, nameBn, bbsCode) VALUES ('111', '11', '2', 'MEGHNA', 'মেঘনা', '75');
INSERT INTO thanas (id, district_id, division_id, name, nameBn, bbsCode) VALUES ('112', '11', '2', 'MURADNAGAR', 'মুরাদনগর', '81');
INSERT INTO thanas (id, district_id, division_id, name, nameBn, bbsCode) VALUES ('113', '11', '2', 'NANGALKOT', 'নাঙ্গলকোট', '87');
INSERT INTO thanas (id, district_id, division_id, name, nameBn, bbsCode) VALUES ('114', '11', '2', 'TITAS', 'তিতাস', '94');
INSERT INTO city_corporations (id, district_id, division_id, name, nameBn, bbsCode) VALUES ('3', '11', '2', 'COMILLA CITY CORP.', 'কুমিল্লা সিটি কর্পোরেশন', '50');
INSERT INTO upazillas (id, district_id, division_id, name, nameBn, bbsCode) VALUES ('78', '11', '2', 'BARURA', 'বরুড়া', '9');
INSERT INTO upazillas (id, district_id, division_id, name, nameBn, bbsCode) VALUES ('79', '11', '2', 'BRAHMAN PARA', 'ব্রাহ্মণপাড়া', '15');
INSERT INTO upazillas (id, district_id, division_id, name, nameBn, bbsCode) VALUES ('80', '11', '2', 'BURICHANG', 'বুড়িচং', '18');
INSERT INTO upazillas (id, district_id, division_id, name, nameBn, bbsCode) VALUES ('81', '11', '2', 'CHANDINA', 'চান্দিনা', '27');
INSERT INTO upazillas (id, district_id, division_id, name, nameBn, bbsCode) VALUES ('82', '11', '2', 'CHAUDDAGRAM', 'চৌদ্দগ্রাম', '31');
INSERT INTO upazillas (id, district_id, division_id, name, nameBn, bbsCode) VALUES ('83', '11', '2', 'COMILLA SADAR DAKSHIN', 'কুমিল্লা সদর দক্ষিণ', '33');
INSERT INTO upazillas (id, district_id, division_id, name, nameBn, bbsCode) VALUES ('84', '11', '2', 'DAUDKANDI', 'দাউদকান্দি', '36');
INSERT INTO upazillas (id, district_id, division_id, name, nameBn, bbsCode) VALUES ('85', '11', '2', 'DEBIDWAR', 'দেবিদ্বার', '40');
INSERT INTO upazillas (id, district_id, division_id, name, nameBn, bbsCode) VALUES ('86', '11', '2', 'HOMNA', 'হোমনা ', '54');
INSERT INTO upazillas (id, district_id, division_id, name, nameBn, bbsCode) VALUES ('87', '11', '2', 'COMILLA ADARSHA SADAR', 'কুমিল্লা সদর', '67');
INSERT INTO upazillas (id, district_id, division_id, name, nameBn, bbsCode) VALUES ('88', '11', '2', 'LAKSAM', 'লাকসাম', '72');
INSERT INTO upazillas (id, district_id, division_id, name, nameBn, bbsCode) VALUES ('89', '11', '2', 'MANOHARGANJ', 'মনোহরগঞ্জ', '74');
INSERT INTO upazillas (id, district_id, division_id, name, nameBn, bbsCode) VALUES ('90', '11', '2', 'MEGHNA', 'মেঘনা', '75');
INSERT INTO upazillas (id, district_id, division_id, name, nameBn, bbsCode) VALUES ('91', '11', '2', 'MURADNAGAR', 'মুরাদনগর', '81');
INSERT INTO upazillas (id, district_id, division_id, name, nameBn, bbsCode) VALUES ('92', '11', '2', 'NANGALKOT', 'নাঙ্গলকোট', '87');
INSERT INTO upazillas (id, district_id, division_id, name, nameBn, bbsCode) VALUES ('93', '11', '2', 'TITAS', 'তিতাস', '94');
INSERT INTO districts (id, division_id, bbsCode, name, nameBn) VALUES ('12', '2', '22', 'COX''S BAZAR', 'কক্সবাজার ');
INSERT INTO thanas (id, district_id, division_id, name, nameBn, bbsCode) VALUES ('115', '12', '2', 'CHAKARIA', 'চকরিয়া', '16');
INSERT INTO thanas (id, district_id, division_id, name, nameBn, bbsCode) VALUES ('116', '12', '2', 'COX''S BAZAR SADAR', 'কক্সবাজার সদর', '24');
INSERT INTO thanas (id, district_id, division_id, name, nameBn, bbsCode) VALUES ('117', '12', '2', 'KUTUBDIA', 'কুতুবদিয়া', '45');
INSERT INTO thanas (id, district_id, division_id, name, nameBn, bbsCode) VALUES ('118', '12', '2', 'MAHESHKHALI', 'মহেশখালী', '49');
INSERT INTO thanas (id, district_id, division_id, name, nameBn, bbsCode) VALUES ('119', '12', '2', 'PEKUA', 'পেকুয়া', '56');
INSERT INTO thanas (id, district_id, division_id, name, nameBn, bbsCode) VALUES ('120', '12', '2', 'RAMU', 'রামু', '66');
INSERT INTO thanas (id, district_id, division_id, name, nameBn, bbsCode) VALUES ('121', '12', '2', 'TEKNAF', 'টেক্‌নাফ', '90');
INSERT INTO thanas (id, district_id, division_id, name, nameBn, bbsCode) VALUES ('122', '12', '2', 'UKHIA', 'উখিয়া', '94');
INSERT INTO upazillas (id, district_id, division_id, name, nameBn, bbsCode) VALUES ('94', '12', '2', 'CHAKARIA', 'চকরিয়া', '16');
INSERT INTO upazillas (id, district_id, division_id, name, nameBn, bbsCode) VALUES ('95', '12', '2', 'COX''S BAZAR SADAR', 'কক্সবাজার সদর', '24');
INSERT INTO upazillas (id, district_id, division_id, name, nameBn, bbsCode) VALUES ('96', '12', '2', 'KUTUBDIA', 'কুতুবদিয়া', '45');
INSERT INTO upazillas (id, district_id, division_id, name, nameBn, bbsCode) VALUES ('97', '12', '2', 'MAHESHKHALI', 'মহেশখালী', '49');
INSERT INTO upazillas (id, district_id, division_id, name, nameBn, bbsCode) VALUES ('98', '12', '2', 'PEKUA', 'পেকুয়া', '56');
INSERT INTO upazillas (id, district_id, division_id, name, nameBn, bbsCode) VALUES ('99', '12', '2', 'RAMU', 'রামু', '66');
INSERT INTO upazillas (id, district_id, division_id, name, nameBn, bbsCode) VALUES ('100', '12', '2', 'TEKNAF', 'টেকনাফ', '90');
INSERT INTO upazillas (id, district_id, division_id, name, nameBn, bbsCode) VALUES ('101', '12', '2', 'UKHIA', 'উখিয়া', '94');
INSERT INTO districts (id, division_id, bbsCode, name, nameBn) VALUES ('13', '2', '30', 'FENI', 'ফেনী');
INSERT INTO thanas (id, district_id, division_id, name, nameBn, bbsCode) VALUES ('199', '13', '2', 'CHHAGALNAIYA', 'ছাগলনাইয়া', '14');
INSERT INTO thanas (id, district_id, division_id, name, nameBn, bbsCode) VALUES ('200', '13', '2', 'DAGANBHUIYAN', 'দাগনভূঁঞা', '25');
INSERT INTO thanas (id, district_id, division_id, name, nameBn, bbsCode) VALUES ('201', '13', '2', 'FENI SADAR', 'ফেনী সদর', '29');
INSERT INTO thanas (id, district_id, division_id, name, nameBn, bbsCode) VALUES ('202', '13', '2', 'FULGAZI', 'ফুলগাজী', '41');
INSERT INTO thanas (id, district_id, division_id, name, nameBn, bbsCode) VALUES ('203', '13', '2', 'PARSHURAM', 'পরশুরাম', '51');
INSERT INTO thanas (id, district_id, division_id, name, nameBn, bbsCode) VALUES ('204', '13', '2', 'SONAGAZI', 'সোনাগাজী', '94');
INSERT INTO upazillas (id, district_id, division_id, name, nameBn, bbsCode) VALUES ('102', '13', '2', 'CHHAGALNAIYA', 'ছাগলনাইয়া', '14');
INSERT INTO upazillas (id, district_id, division_id, name, nameBn, bbsCode) VALUES ('103', '13', '2', 'DAGANBHUIYAN', 'দাগনভূঞা', '25');
INSERT INTO upazillas (id, district_id, division_id, name, nameBn, bbsCode) VALUES ('104', '13', '2', 'FENI SADAR', 'ফেনী সদর', '29');
INSERT INTO upazillas (id, district_id, division_id, name, nameBn, bbsCode) VALUES ('105', '13', '2', 'FULGAZI', 'ফুলগাজী', '41');
INSERT INTO upazillas (id, district_id, division_id, name, nameBn, bbsCode) VALUES ('106', '13', '2', 'PARSHURAM', 'পরশুরাম', '51');
INSERT INTO upazillas (id, district_id, division_id, name, nameBn, bbsCode) VALUES ('107', '13', '2', 'SONAGAZI', 'সোনাগাজী', '94');
INSERT INTO districts (id, division_id, bbsCode, name, nameBn) VALUES ('14', '2', '46', 'KHAGRACHHARI', 'খাগড়াছড়ি');
INSERT INTO thanas (id, district_id, division_id, name, nameBn, bbsCode) VALUES ('260', '14', '2', 'DIGHINALA', 'দিঘিনালা', '43');
INSERT INTO thanas (id, district_id, division_id, name, nameBn, bbsCode) VALUES ('261', '14', '2', 'KHAGRACHHARI SADAR', 'খাগরাছড়ি সদর', '49');
INSERT INTO thanas (id, district_id, division_id, name, nameBn, bbsCode) VALUES ('262', '14', '2', 'LAKSHMICHHARI', 'লক্ষীছড়ি', '61');
INSERT INTO thanas (id, district_id, division_id, name, nameBn, bbsCode) VALUES ('263', '14', '2', 'MAHALCHHARI', 'মহালছড়ি', '65');
INSERT INTO thanas (id, district_id, division_id, name, nameBn, bbsCode) VALUES ('264', '14', '2', 'MANIKCHHARI', 'মানিকছড়ি', '67');
INSERT INTO thanas (id, district_id, division_id, name, nameBn, bbsCode) VALUES ('265', '14', '2', 'MATIRANGA', 'মাটিরাংগা', '70');
INSERT INTO thanas (id, district_id, division_id, name, nameBn, bbsCode) VALUES ('266', '14', '2', 'PANCHHARI', 'পানছড়ি', '77');
INSERT INTO thanas (id, district_id, division_id, name, nameBn, bbsCode) VALUES ('267', '14', '2', 'RAMGARH', 'রামগর', '80');
INSERT INTO upazillas (id, district_id, division_id, name, nameBn, bbsCode) VALUES ('108', '14', '2', 'DIGHINALA', 'দিঘীনালা', '43');
INSERT INTO upazillas (id, district_id, division_id, name, nameBn, bbsCode) VALUES ('109', '14', '2', 'MANIKCHHARI', 'মানিকছড়ি', '67');
INSERT INTO upazillas (id, district_id, division_id, name, nameBn, bbsCode) VALUES ('110', '14', '2', 'KHAGRACHHARI SADAR', 'খাগড়াছড়ি সদর', '49');
INSERT INTO upazillas (id, district_id, division_id, name, nameBn, bbsCode) VALUES ('111', '14', '2', 'LAKSHMICHHARI', 'লক্ষীছড়ি', '61');
INSERT INTO upazillas (id, district_id, division_id, name, nameBn, bbsCode) VALUES ('112', '14', '2', 'MAHALCHHARI', 'মহালছড়ি', '65');
INSERT INTO upazillas (id, district_id, division_id, name, nameBn, bbsCode) VALUES ('113', '14', '2', 'MATIRANGA', 'মাটিরাঙ্গা', '70');
INSERT INTO upazillas (id, district_id, division_id, name, nameBn, bbsCode) VALUES ('114', '14', '2', 'PANCHHARI', 'পানছড়ি', '77');
INSERT INTO upazillas (id, district_id, division_id, name, nameBn, bbsCode) VALUES ('115', '14', '2', 'RAMGARH', 'রামগড়', '80');
INSERT INTO districts (id, division_id, bbsCode, name, nameBn) VALUES ('15', '2', '51', 'LAKSHMIPUR', 'লক্ষ্মীপুর');
INSERT INTO thanas (id, district_id, division_id, name, nameBn, bbsCode) VALUES ('310', '15', '2', 'KAMALNAGAR', 'কমলনগর', '33');
INSERT INTO thanas (id, district_id, division_id, name, nameBn, bbsCode) VALUES ('311', '15', '2', 'LAKSHMIPUR SADAR', 'লক্ষ্ণীপুর সদর', '43');
INSERT INTO thanas (id, district_id, division_id, name, nameBn, bbsCode) VALUES ('312', '15', '2', 'ROYPUR', 'রায়পুর', '58');
INSERT INTO thanas (id, district_id, division_id, name, nameBn, bbsCode) VALUES ('313', '15', '2', 'RAMGANJ', 'রামগঞ্জ', '65');
INSERT INTO thanas (id, district_id, division_id, name, nameBn, bbsCode) VALUES ('314', '15', '2', 'RAMGATI', 'রামগতী', '73');
INSERT INTO upazillas (id, district_id, division_id, name, nameBn, bbsCode) VALUES ('116', '15', '2', 'KAMALNAGAR', 'কমলনগর', '33');
INSERT INTO upazillas (id, district_id, division_id, name, nameBn, bbsCode) VALUES ('117', '15', '2', 'LAKSHMIPUR SADAR', 'লক্ষ্মীপুর সদর', '43');
INSERT INTO upazillas (id, district_id, division_id, name, nameBn, bbsCode) VALUES ('118', '15', '2', 'ROYPUR', 'রায়পুর', '58');
INSERT INTO upazillas (id, district_id, division_id, name, nameBn, bbsCode) VALUES ('119', '15', '2', 'RAMGANJ', 'রামগঞ্জ', '65');
INSERT INTO upazillas (id, district_id, division_id, name, nameBn, bbsCode) VALUES ('120', '15', '2', 'RAMGATI', 'রামগতি ', '73');
INSERT INTO districts (id, division_id, bbsCode, name, nameBn) VALUES ('16', '2', '75', 'NOAKHALI', 'নোয়াখালী');
INSERT INTO thanas (id, district_id, division_id, name, nameBn, bbsCode) VALUES ('417', '16', '2', 'BEGUMGANJ', 'বেগমগঞ্জ', '07');
INSERT INTO thanas (id, district_id, division_id, name, nameBn, bbsCode) VALUES ('418', '16', '2', 'CHATKHIL', 'চাট্‌খিল', '10');
INSERT INTO thanas (id, district_id, division_id, name, nameBn, bbsCode) VALUES ('419', '16', '2', 'COMPANIGANJ', 'কোম্পানীগঞ্জ', '21');
INSERT INTO thanas (id, district_id, division_id, name, nameBn, bbsCode) VALUES ('420', '16', '2', 'HATIYA', 'হাতিয়া', '36');
INSERT INTO thanas (id, district_id, division_id, name, nameBn, bbsCode) VALUES ('421', '16', '2', 'KABIRHAT', 'কবিরহাট', '47');
INSERT INTO thanas (id, district_id, division_id, name, nameBn, bbsCode) VALUES ('422', '16', '2', 'SENBAGH', 'সেনবাগ', '80');
INSERT INTO thanas (id, district_id, division_id, name, nameBn, bbsCode) VALUES ('423', '16', '2', 'SONAIMURI', 'সোনাইমুড়ি', '83');
INSERT INTO thanas (id, district_id, division_id, name, nameBn, bbsCode) VALUES ('424', '16', '2', 'SUBARNACHAR', 'সুবর্ণচর', '85');
INSERT INTO thanas (id, district_id, division_id, name, nameBn, bbsCode) VALUES ('425', '16', '2', 'NOAKHALI SADAR', 'নোয়াখালী সদর', '87');
INSERT INTO upazillas (id, district_id, division_id, name, nameBn, bbsCode) VALUES ('121', '16', '2', 'BEGUMGANJ', 'বেগমগঞ্জ', '7');
INSERT INTO upazillas (id, district_id, division_id, name, nameBn, bbsCode) VALUES ('122', '16', '2', 'CHATKHIL', 'চাটখিল', '10');
INSERT INTO upazillas (id, district_id, division_id, name, nameBn, bbsCode) VALUES ('123', '16', '2', 'COMPANIGANJ', 'কোম্পানীগঞ্জ', '21');
INSERT INTO upazillas (id, district_id, division_id, name, nameBn, bbsCode) VALUES ('124', '16', '2', 'HATIYA', 'হাতিয়া', '36');
INSERT INTO upazillas (id, district_id, division_id, name, nameBn, bbsCode) VALUES ('125', '16', '2', 'SENBAGH', 'সেনবাগ', '80');
INSERT INTO upazillas (id, district_id, division_id, name, nameBn, bbsCode) VALUES ('126', '16', '2', 'SONAIMURI', 'সোনাইমুড়ী', '83');
INSERT INTO upazillas (id, district_id, division_id, name, nameBn, bbsCode) VALUES ('127', '16', '2', 'SUBARNACHAR', 'সুবর্ণচর', '85');
INSERT INTO upazillas (id, district_id, division_id, name, nameBn, bbsCode) VALUES ('128', '16', '2', 'NOAKHALI ', 'নোয়াখালী ', '87');
INSERT INTO districts (id, division_id, bbsCode, name, nameBn) VALUES ('17', '2', '84', 'RANGAMATI', 'রাঙ্গামাটি');
INSERT INTO thanas (id, district_id, division_id, name, nameBn, bbsCode) VALUES ('473', '17', '2', 'BAGHAICHHARI', 'বাঘাইছড়ি', '07');
INSERT INTO thanas (id, district_id, division_id, name, nameBn, bbsCode) VALUES ('474', '17', '2', 'BARKAL UPAZILA', 'বরকল', '21');
INSERT INTO thanas (id, district_id, division_id, name, nameBn, bbsCode) VALUES ('475', '17', '2', 'KAWKHALI (BETBUNIA)', 'কাউখালী', '25');
INSERT INTO thanas (id, district_id, division_id, name, nameBn, bbsCode) VALUES ('476', '17', '2', 'BELAI CHHARI  UPAZI', 'বিলাইছড়ি', '29');
INSERT INTO thanas (id, district_id, division_id, name, nameBn, bbsCode) VALUES ('477', '17', '2', 'KAPTAI  UPAZILA', 'কাপ্তাই', '36');
INSERT INTO thanas (id, district_id, division_id, name, nameBn, bbsCode) VALUES ('478', '17', '2', 'JURAI CHHARI UPAZIL', 'জুরাইছড়ি', '47');
INSERT INTO thanas (id, district_id, division_id, name, nameBn, bbsCode) VALUES ('479', '17', '2', 'LANGADU  UPAZILA', 'লংগদু', '58');
INSERT INTO thanas (id, district_id, division_id, name, nameBn, bbsCode) VALUES ('480', '17', '2', 'NANIARCHAR  UPAZILA', 'নানিয়ারচর', '75');
INSERT INTO thanas (id, district_id, division_id, name, nameBn, bbsCode) VALUES ('481', '17', '2', 'RAJASTHALI  UPAZILA', 'রাজস্থালী', '78');
INSERT INTO thanas (id, district_id, division_id, name, nameBn, bbsCode) VALUES ('482', '17', '2', 'RANGAMATI SADAR  UP', 'রাঙ্গামাটি সদর', '87');
INSERT INTO upazillas (id, district_id, division_id, name, nameBn, bbsCode) VALUES ('129', '17', '2', 'BAGHAICHHARI', 'বাঘাইছড়ি', '7');
INSERT INTO upazillas (id, district_id, division_id, name, nameBn, bbsCode) VALUES ('130', '17', '2', 'BARKAL ', 'বরকল', '21');
INSERT INTO upazillas (id, district_id, division_id, name, nameBn, bbsCode) VALUES ('131', '17', '2', 'KAWKHALI (BETBUNIA)', 'কাউখালী', '25');
INSERT INTO upazillas (id, district_id, division_id, name, nameBn, bbsCode) VALUES ('132', '17', '2', 'KAPTAI  ', 'কাপ্তাই ', '36');
INSERT INTO upazillas (id, district_id, division_id, name, nameBn, bbsCode) VALUES ('133', '17', '2', 'JURAI CHHARI', 'জুরাছড়ি', '47');
INSERT INTO upazillas (id, district_id, division_id, name, nameBn, bbsCode) VALUES ('134', '17', '2', 'LANGADU  ', 'লংগদু ', '58');
INSERT INTO upazillas (id, district_id, division_id, name, nameBn, bbsCode) VALUES ('135', '17', '2', 'NANIARCHAR  ', 'নানিয়ারচর ', '75');
INSERT INTO upazillas (id, district_id, division_id, name, nameBn, bbsCode) VALUES ('136', '17', '2', 'RANGAMATI SADAR', 'রাঙ্গামাটি সদর', '87');
INSERT INTO upazillas (id, district_id, division_id, name, nameBn, bbsCode) VALUES ('137', '17', '2', 'RAJOSTHOLI ', 'রাজস্থলী', '78');
INSERT INTO upazillas (id, district_id, division_id, name, nameBn, bbsCode) VALUES ('138', '17', '2', 'BILAYCHHARI', 'বিলাইছড়ি', '29');
INSERT INTO divisions (id, bbsCode, name, nameBn) VALUES ('3', '30', 'Dhaka', 'ঢাকা');
INSERT INTO districts (id, division_id, bbsCode, name, nameBn) VALUES ('18', '3', '26', 'DHAKA', 'ঢাকা ');
INSERT INTO thanas (id, district_id, division_id, name, nameBn, bbsCode) VALUES ('123', '18', '3', 'ADABOR', 'আদাবর', '02');
INSERT INTO thanas (id, district_id, division_id, name, nameBn, bbsCode) VALUES ('124', '18', '3', 'BADDA', 'বাড্ডা', '04');
INSERT INTO thanas (id, district_id, division_id, name, nameBn, bbsCode) VALUES ('125', '18', '3', 'BANGSHAL', 'বংশাল', '05');
INSERT INTO thanas (id, district_id, division_id, name, nameBn, bbsCode) VALUES ('126', '18', '3', 'BIMAN BANDAR', 'বিমান বন্দর', '06');
INSERT INTO thanas (id, district_id, division_id, name, nameBn, bbsCode) VALUES ('127', '18', '3', 'BANANI', '', '07');
INSERT INTO thanas (id, district_id, division_id, name, nameBn, bbsCode) VALUES ('128', '18', '3', 'CANTONMENT', 'ক্যান্টনমেন্ট', '08');
INSERT INTO thanas (id, district_id, division_id, name, nameBn, bbsCode) VALUES ('129', '18', '3', 'CHAK BAZAR', 'চক বাজার', '09');
INSERT INTO thanas (id, district_id, division_id, name, nameBn, bbsCode) VALUES ('130', '18', '3', 'DAKSHINKHAN', 'দক্ষিণখান', '10');
INSERT INTO thanas (id, district_id, division_id, name, nameBn, bbsCode) VALUES ('131', '18', '3', 'DARUS SALAM', 'দারুস সালাম', '11');
INSERT INTO thanas (id, district_id, division_id, name, nameBn, bbsCode) VALUES ('132', '18', '3', 'DEMRA', 'ডেমরা', '12');
INSERT INTO thanas (id, district_id, division_id, name, nameBn, bbsCode) VALUES ('133', '18', '3', 'DHANMONDI', 'ধানমন্ডি', '16');
INSERT INTO thanas (id, district_id, division_id, name, nameBn, bbsCode) VALUES ('134', '18', '3', 'HAZARIBAGH', 'হাজারীবাগ', '28');
INSERT INTO thanas (id, district_id, division_id, name, nameBn, bbsCode) VALUES ('135', '18', '3', 'DHAMRAI', 'ধামরাই', '14');
INSERT INTO thanas (id, district_id, division_id, name, nameBn, bbsCode) VALUES ('136', '18', '3', 'DOHAR', 'দোহার', '18');
INSERT INTO thanas (id, district_id, division_id, name, nameBn, bbsCode) VALUES ('137', '18', '3', 'BHASAN TEK', '', '21');
INSERT INTO thanas (id, district_id, division_id, name, nameBn, bbsCode) VALUES ('138', '18', '3', 'BHATARA', '', '22');
INSERT INTO thanas (id, district_id, division_id, name, nameBn, bbsCode) VALUES ('139', '18', '3', 'GENDARIA', 'গেন্ডারিয়া', '24');
INSERT INTO thanas (id, district_id, division_id, name, nameBn, bbsCode) VALUES ('140', '18', '3', 'GULSHAN', 'গুলশান', '26');
INSERT INTO thanas (id, district_id, division_id, name, nameBn, bbsCode) VALUES ('141', '18', '3', 'JATRABARI', 'যাত্রাবাড়ী', '29');
INSERT INTO thanas (id, district_id, division_id, name, nameBn, bbsCode) VALUES ('142', '18', '3', 'KAFRUL', 'কাফরুল', '30');
INSERT INTO thanas (id, district_id, division_id, name, nameBn, bbsCode) VALUES ('143', '18', '3', 'KADAMTALI', 'কদমতলী', '32');
INSERT INTO thanas (id, district_id, division_id, name, nameBn, bbsCode) VALUES ('144', '18', '3', 'KALABAGAN', 'কলাবাগান', '33');
INSERT INTO thanas (id, district_id, division_id, name, nameBn, bbsCode) VALUES ('145', '18', '3', 'KAMRANGIR CHAR', 'কামরাঙ্গীর চর', '34');
INSERT INTO thanas (id, district_id, division_id, name, nameBn, bbsCode) VALUES ('146', '18', '3', 'KHILGAON', 'খিলগাও', '36');
INSERT INTO thanas (id, district_id, division_id, name, nameBn, bbsCode) VALUES ('147', '18', '3', 'KHILKHET', 'খিলক্ষেত', '37');
INSERT INTO thanas (id, district_id, division_id, name, nameBn, bbsCode) VALUES ('148', '18', '3', 'KERANIGANJ', 'কেরানীগঞ্জ', '38');
INSERT INTO thanas (id, district_id, division_id, name, nameBn, bbsCode) VALUES ('149', '18', '3', 'KOTWALI', 'কোতয়ালী', '40');
INSERT INTO thanas (id, district_id, division_id, name, nameBn, bbsCode) VALUES ('150', '18', '3', 'LALBAGH', 'লালবাগ', '42');
INSERT INTO thanas (id, district_id, division_id, name, nameBn, bbsCode) VALUES ('151', '18', '3', 'MOHAMMADPUR', 'মোহাম্মদপুর', '50');
INSERT INTO thanas (id, district_id, division_id, name, nameBn, bbsCode) VALUES ('152', '18', '3', 'RAMNA', 'রমনা', '66');
INSERT INTO thanas (id, district_id, division_id, name, nameBn, bbsCode) VALUES ('153', '18', '3', 'MIRPUR', 'মিরপুর', '48');
INSERT INTO thanas (id, district_id, division_id, name, nameBn, bbsCode) VALUES ('154', '18', '3', 'MOTIJHEEL', 'মতিঝিল', '54');
INSERT INTO thanas (id, district_id, division_id, name, nameBn, bbsCode) VALUES ('155', '18', '3', 'MUGDA PARA', '', '57');
INSERT INTO thanas (id, district_id, division_id, name, nameBn, bbsCode) VALUES ('156', '18', '3', 'NAWABGANJ', 'নবাবগঞ্জ', '62');
INSERT INTO thanas (id, district_id, division_id, name, nameBn, bbsCode) VALUES ('157', '18', '3', 'NEW MARKET', 'নিউ মার্কেট', '63');
INSERT INTO thanas (id, district_id, division_id, name, nameBn, bbsCode) VALUES ('158', '18', '3', 'PALLABI', 'পল্লবী', '64');
INSERT INTO thanas (id, district_id, division_id, name, nameBn, bbsCode) VALUES ('159', '18', '3', 'PALTAN', 'পল্টন', '65');
INSERT INTO thanas (id, district_id, division_id, name, nameBn, bbsCode) VALUES ('160', '18', '3', 'RAMPURA', 'রামপুরা', '67');
INSERT INTO thanas (id, district_id, division_id, name, nameBn, bbsCode) VALUES ('161', '18', '3', 'SABUJBAGH', 'সবুজবাগ', '68');
INSERT INTO thanas (id, district_id, division_id, name, nameBn, bbsCode) VALUES ('162', '18', '3', 'RUPNAGAR', '', '70');
INSERT INTO thanas (id, district_id, division_id, name, nameBn, bbsCode) VALUES ('163', '18', '3', 'SAVAR', 'সাভার', '72');
INSERT INTO thanas (id, district_id, division_id, name, nameBn, bbsCode) VALUES ('164', '18', '3', 'SHAHJAHANPUR', '', '73');
INSERT INTO thanas (id, district_id, division_id, name, nameBn, bbsCode) VALUES ('165', '18', '3', 'SHAH ALI', 'শাহ্‌ আলী', '74');
INSERT INTO thanas (id, district_id, division_id, name, nameBn, bbsCode) VALUES ('166', '18', '3', 'SHAHBAGH', 'শাহবাগ', '75');
INSERT INTO thanas (id, district_id, division_id, name, nameBn, bbsCode) VALUES ('167', '18', '3', 'SHYAMPUR', 'শ্যামপুর', '76');
INSERT INTO thanas (id, district_id, division_id, name, nameBn, bbsCode) VALUES ('168', '18', '3', 'SHER-E-BANGLA NAGAR', 'শের-ই-বাংলা নগর', '80');
INSERT INTO thanas (id, district_id, division_id, name, nameBn, bbsCode) VALUES ('169', '18', '3', 'SUTRAPUR', 'সুত্রাপুর', '88');
INSERT INTO thanas (id, district_id, division_id, name, nameBn, bbsCode) VALUES ('170', '18', '3', 'TEJGAON', 'তেজগাঁও', '90');
INSERT INTO thanas (id, district_id, division_id, name, nameBn, bbsCode) VALUES ('171', '18', '3', 'TEJGAON IND. AREA', 'তেজগাঁও শিল্প এলাকা', '92');
INSERT INTO thanas (id, district_id, division_id, name, nameBn, bbsCode) VALUES ('172', '18', '3', 'TURAG', 'তুরাগ', '93');
INSERT INTO thanas (id, district_id, division_id, name, nameBn, bbsCode) VALUES ('173', '18', '3', 'UTTARA  PASCHIM', 'উত্তরা', '94');
INSERT INTO thanas (id, district_id, division_id, name, nameBn, bbsCode) VALUES ('174', '18', '3', 'UTTARA  PURBA', '', '95');
INSERT INTO thanas (id, district_id, division_id, name, nameBn, bbsCode) VALUES ('175', '18', '3', 'UTTAR KHAN', 'উত্তর খান', '96');
INSERT INTO thanas (id, district_id, division_id, name, nameBn, bbsCode) VALUES ('176', '18', '3', 'WARI', '', '98');
INSERT INTO city_corporations (id, district_id, division_id, name, nameBn, bbsCode) VALUES ('4', '18', '3', 'DHAKA DAKSHIN CITY CORP.', 'ঢাকা দক্ষিণ কর্পোরেশন', '20');
INSERT INTO city_corporations (id, district_id, division_id, name, nameBn, bbsCode) VALUES ('5', '18', '3', 'DHAKA UTTAR CITY CORP.', 'ঢাকা উত্তর সিটি কর্পোরেশন', '25');
INSERT INTO upazillas (id, district_id, division_id, name, nameBn, bbsCode) VALUES ('139', '18', '3', 'TEJGAON UNNON CIRCLE', 'তেজগাঁও উন্নয়ন সার্কেল', '');
INSERT INTO upazillas (id, district_id, division_id, name, nameBn, bbsCode) VALUES ('149', '18', '3', 'DHAMRAI', 'ধামরাই', '14');
INSERT INTO upazillas (id, district_id, division_id, name, nameBn, bbsCode) VALUES ('150', '18', '3', 'DOHAR', 'দোহার', '18');
INSERT INTO upazillas (id, district_id, division_id, name, nameBn, bbsCode) VALUES ('151', '18', '3', 'KERANIGANJ', 'কেরাণীগঞ্জ', '38');
INSERT INTO upazillas (id, district_id, division_id, name, nameBn, bbsCode) VALUES ('152', '18', '3', 'NAWABGANJ', 'নবাবগঞ্জ', '62');
INSERT INTO upazillas (id, district_id, division_id, name, nameBn, bbsCode) VALUES ('153', '18', '3', 'SAVAR', 'সাভার', '72');
INSERT INTO districts (id, division_id, bbsCode, name, nameBn) VALUES ('19', '3', '29', 'FARIDPUR', 'ফরিদপুর ');
INSERT INTO thanas (id, district_id, division_id, name, nameBn, bbsCode) VALUES ('190', '19', '3', 'ALFADANGA', 'আল্‌ফাডাঙ্গা', '03');
INSERT INTO thanas (id, district_id, division_id, name, nameBn, bbsCode) VALUES ('191', '19', '3', 'BHANGA', 'ভাংগা', '10');
INSERT INTO thanas (id, district_id, division_id, name, nameBn, bbsCode) VALUES ('192', '19', '3', 'BOALMARI', 'বোয়ালমারী', '18');
INSERT INTO thanas (id, district_id, division_id, name, nameBn, bbsCode) VALUES ('193', '19', '3', 'CHAR BHADRASAN', 'চর ভদ্রাশন', '21');
INSERT INTO thanas (id, district_id, division_id, name, nameBn, bbsCode) VALUES ('194', '19', '3', 'FARIDPUR SADAR', 'ফরিদপুর সদর', '47');
INSERT INTO thanas (id, district_id, division_id, name, nameBn, bbsCode) VALUES ('195', '19', '3', 'MADHUKHALI', 'মধুখালী', '56');
INSERT INTO thanas (id, district_id, division_id, name, nameBn, bbsCode) VALUES ('196', '19', '3', 'NAGARKANDA', 'নগরকান্দা', '62');
INSERT INTO thanas (id, district_id, division_id, name, nameBn, bbsCode) VALUES ('197', '19', '3', 'SADARPUR', 'সদরপুর', '84');
INSERT INTO thanas (id, district_id, division_id, name, nameBn, bbsCode) VALUES ('198', '19', '3', 'SALTHA', 'সালথা', '90');
INSERT INTO upazillas (id, district_id, division_id, name, nameBn, bbsCode) VALUES ('154', '19', '3', 'ALFADANGA', 'আলফাডাঙ্গা', '3');
INSERT INTO upazillas (id, district_id, division_id, name, nameBn, bbsCode) VALUES ('155', '19', '3', 'BHANGA', 'ভাঙ্গা', '10');
INSERT INTO upazillas (id, district_id, division_id, name, nameBn, bbsCode) VALUES ('156', '19', '3', 'BOALMARI', 'বোয়ালমারী', '18');
INSERT INTO upazillas (id, district_id, division_id, name, nameBn, bbsCode) VALUES ('157', '19', '3', 'CHAR BHADRASAN', 'চরভদ্রাসন', '21');
INSERT INTO upazillas (id, district_id, division_id, name, nameBn, bbsCode) VALUES ('158', '19', '3', 'FARIDPUR SADAR', 'ফরিদপুর সদর', '47');
INSERT INTO upazillas (id, district_id, division_id, name, nameBn, bbsCode) VALUES ('159', '19', '3', 'MADHUKHALI', 'মধুখালী', '56');
INSERT INTO upazillas (id, district_id, division_id, name, nameBn, bbsCode) VALUES ('160', '19', '3', 'NAGARKANDA', 'নগরকান্দা', '62');
INSERT INTO upazillas (id, district_id, division_id, name, nameBn, bbsCode) VALUES ('161', '19', '3', 'SADARPUR', 'সদরপুর', '84');
INSERT INTO upazillas (id, district_id, division_id, name, nameBn, bbsCode) VALUES ('162', '19', '3', 'SALTHA', 'সালথা', '90');
INSERT INTO districts (id, division_id, bbsCode, name, nameBn) VALUES ('20', '3', '33', 'GAZIPUR', 'গাজীপুর ');
INSERT INTO thanas (id, district_id, division_id, name, nameBn, bbsCode) VALUES ('212', '20', '3', 'GAZIPUR SADAR', 'গাজীপুর সদর', '30');
INSERT INTO thanas (id, district_id, division_id, name, nameBn, bbsCode) VALUES ('213', '20', '3', 'KALIAKAIR', 'কালিয়াকৈর', '32');
INSERT INTO thanas (id, district_id, division_id, name, nameBn, bbsCode) VALUES ('214', '20', '3', 'KALIGANJ', 'কালিগঞ্জ', '34');
INSERT INTO thanas (id, district_id, division_id, name, nameBn, bbsCode) VALUES ('215', '20', '3', 'KAPASIA', 'কাপাসিয়া', '36');
INSERT INTO thanas (id, district_id, division_id, name, nameBn, bbsCode) VALUES ('216', '20', '3', 'SREEPUR', 'শ্রীপুর', '86');
INSERT INTO city_corporations (id, district_id, division_id, name, nameBn, bbsCode) VALUES ('7', '20', '3', 'Gazipur City Corporation', 'গাজীপুর সিটি কর্পোরেশন', '33');
INSERT INTO upazillas (id, district_id, division_id, name, nameBn, bbsCode) VALUES ('163', '20', '3', 'GAZIPUR SADAR', 'গাজীপুর সদর', '30');
INSERT INTO upazillas (id, district_id, division_id, name, nameBn, bbsCode) VALUES ('164', '20', '3', 'KALIAKAIR', 'কালিয়াকৈর', '32');
INSERT INTO upazillas (id, district_id, division_id, name, nameBn, bbsCode) VALUES ('165', '20', '3', 'KALIGANJ', 'কালীগঞ্জ', '34');
INSERT INTO upazillas (id, district_id, division_id, name, nameBn, bbsCode) VALUES ('166', '20', '3', 'KAPASIA', 'কাপাসিয়া', '36');
INSERT INTO upazillas (id, district_id, division_id, name, nameBn, bbsCode) VALUES ('167', '20', '3', 'SREEPUR', 'শ্রীপুর', '86');
INSERT INTO districts (id, division_id, bbsCode, name, nameBn) VALUES ('21', '3', '35', 'GOPALGANJ', 'গোপালগঞ্জ');
INSERT INTO thanas (id, district_id, division_id, name, nameBn, bbsCode) VALUES ('217', '21', '3', 'GOPALGANJ SADAR', 'গোপালগঞ্জ সদর', '32');
INSERT INTO thanas (id, district_id, division_id, name, nameBn, bbsCode) VALUES ('218', '21', '3', 'KASHIANI', 'কাশিয়ানী', '43');
INSERT INTO thanas (id, district_id, division_id, name, nameBn, bbsCode) VALUES ('219', '21', '3', 'KOTALIPARA', 'কোটালিপাড়া', '51');
INSERT INTO thanas (id, district_id, division_id, name, nameBn, bbsCode) VALUES ('220', '21', '3', 'MUKSUDPUR', 'মুকসুদপুর', '58');
INSERT INTO thanas (id, district_id, division_id, name, nameBn, bbsCode) VALUES ('221', '21', '3', 'TUNGIPARA', 'টংগীপাড়া', '91');
INSERT INTO upazillas (id, district_id, division_id, name, nameBn, bbsCode) VALUES ('168', '21', '3', 'GOPALGANJ SADAR', 'গোপালগঞ্জ সদর', '32');
INSERT INTO upazillas (id, district_id, division_id, name, nameBn, bbsCode) VALUES ('169', '21', '3', 'KASHIANI', 'কাশিয়ানী', '43');
INSERT INTO upazillas (id, district_id, division_id, name, nameBn, bbsCode) VALUES ('170', '21', '3', 'KOTALIPARA', 'কোটালীপাড়া', '51');
INSERT INTO upazillas (id, district_id, division_id, name, nameBn, bbsCode) VALUES ('171', '21', '3', 'MUKSUDPUR', 'মুকসুদপুর', '58');
INSERT INTO upazillas (id, district_id, division_id, name, nameBn, bbsCode) VALUES ('172', '21', '3', 'TUNGIPARA', 'টুংগীপাড়া', '91');
INSERT INTO districts (id, division_id, bbsCode, name, nameBn) VALUES ('23', '3', '48', 'KISHOREGONJ', 'কিশোরগঞ্জ ');
INSERT INTO thanas (id, district_id, division_id, name, nameBn, bbsCode) VALUES ('282', '23', '3', 'AUSTAGRAM', 'অষ্টগ্রাম', '02');
INSERT INTO thanas (id, district_id, division_id, name, nameBn, bbsCode) VALUES ('283', '23', '3', 'BAJITPUR', 'বাজিতপুর', '06');
INSERT INTO thanas (id, district_id, division_id, name, nameBn, bbsCode) VALUES ('284', '23', '3', 'BHAIRAB', 'ভৈরব', '11');
INSERT INTO thanas (id, district_id, division_id, name, nameBn, bbsCode) VALUES ('285', '23', '3', 'HOSSAINPUR', 'হোসেনপুর', '27');
INSERT INTO thanas (id, district_id, division_id, name, nameBn, bbsCode) VALUES ('286', '23', '3', 'ITNA', 'ইটনা', '33');
INSERT INTO thanas (id, district_id, division_id, name, nameBn, bbsCode) VALUES ('287', '23', '3', 'KARIMGANJ', 'করিমগঞ্জ', '42');
INSERT INTO thanas (id, district_id, division_id, name, nameBn, bbsCode) VALUES ('288', '23', '3', 'KATIADI', 'কটিয়াদী', '45');
INSERT INTO thanas (id, district_id, division_id, name, nameBn, bbsCode) VALUES ('289', '23', '3', 'KISHOREGANJ SADAR', 'কিশোরগঞ্জ সদর', '49');
INSERT INTO thanas (id, district_id, division_id, name, nameBn, bbsCode) VALUES ('290', '23', '3', 'KULIAR CHAR', 'কুলিয়ার চর', '54');
INSERT INTO thanas (id, district_id, division_id, name, nameBn, bbsCode) VALUES ('291', '23', '3', 'MITHAMAIN', 'মিঠামইন', '59');
INSERT INTO thanas (id, district_id, division_id, name, nameBn, bbsCode) VALUES ('292', '23', '3', 'NIKLI', 'নিক্‌লী', '76');
INSERT INTO thanas (id, district_id, division_id, name, nameBn, bbsCode) VALUES ('293', '23', '3', 'PAKUNDIA', 'পাকুন্দিয়া', '79');
INSERT INTO thanas (id, district_id, division_id, name, nameBn, bbsCode) VALUES ('294', '23', '3', 'TARAIL', 'তারাইল', '92');
INSERT INTO upazillas (id, district_id, division_id, name, nameBn, bbsCode) VALUES ('180', '23', '3', 'AUSTAGRAM', 'অষ্টগ্রাম', '2');
INSERT INTO upazillas (id, district_id, division_id, name, nameBn, bbsCode) VALUES ('181', '23', '3', 'BAJITPUR', 'বাজিতপুর', '6');
INSERT INTO upazillas (id, district_id, division_id, name, nameBn, bbsCode) VALUES ('182', '23', '3', 'BHAIRAB', 'ভৈরব', '11');
INSERT INTO upazillas (id, district_id, division_id, name, nameBn, bbsCode) VALUES ('183', '23', '3', 'HOSSAINPUR', 'হোসেনপুর', '27');
INSERT INTO upazillas (id, district_id, division_id, name, nameBn, bbsCode) VALUES ('184', '23', '3', 'ITNA', 'ইটনা', '33');
INSERT INTO upazillas (id, district_id, division_id, name, nameBn, bbsCode) VALUES ('185', '23', '3', 'KARIMGANJ', 'করিমগঞ্জ', '42');
INSERT INTO upazillas (id, district_id, division_id, name, nameBn, bbsCode) VALUES ('186', '23', '3', 'KATIADI', 'কটিয়াদী', '45');
INSERT INTO upazillas (id, district_id, division_id, name, nameBn, bbsCode) VALUES ('187', '23', '3', 'KISHOREGANJ SADAR', 'কিশোরগঞ্জ সদর', '49');
INSERT INTO upazillas (id, district_id, division_id, name, nameBn, bbsCode) VALUES ('188', '23', '3', 'KULIAR CHAR', 'কুলিয়ারচর', '54');
INSERT INTO upazillas (id, district_id, division_id, name, nameBn, bbsCode) VALUES ('189', '23', '3', 'MITHAMAIN', 'মিঠামইন', '59');
INSERT INTO upazillas (id, district_id, division_id, name, nameBn, bbsCode) VALUES ('190', '23', '3', 'NIKLI', 'নিকলী', '76');
INSERT INTO upazillas (id, district_id, division_id, name, nameBn, bbsCode) VALUES ('191', '23', '3', 'PAKUNDIA', 'পাকুন্দিয়া', '79');
INSERT INTO upazillas (id, district_id, division_id, name, nameBn, bbsCode) VALUES ('192', '23', '3', 'TARAIL', 'তাড়াইল', '92');
INSERT INTO districts (id, division_id, bbsCode, name, nameBn) VALUES ('24', '3', '54', 'MADARIPUR', 'মাদারীপুর ');
INSERT INTO thanas (id, district_id, division_id, name, nameBn, bbsCode) VALUES ('320', '24', '3', 'KALKINI', 'কালকিনী', '40');
INSERT INTO thanas (id, district_id, division_id, name, nameBn, bbsCode) VALUES ('321', '24', '3', 'MADARIPUR SADAR', 'মাদারিপুর সদর', '54');
INSERT INTO thanas (id, district_id, division_id, name, nameBn, bbsCode) VALUES ('322', '24', '3', 'RAJOIR', 'রাজৈর', '80');
INSERT INTO thanas (id, district_id, division_id, name, nameBn, bbsCode) VALUES ('323', '24', '3', 'SHIBCHAR', 'শিব্‌ চর', '87');
INSERT INTO upazillas (id, district_id, division_id, name, nameBn, bbsCode) VALUES ('193', '24', '3', 'KALKINI', 'কালকিনি', '40');
INSERT INTO upazillas (id, district_id, division_id, name, nameBn, bbsCode) VALUES ('194', '24', '3', 'MADARIPUR SADAR', 'মাদারীপুর সদর', '54');
INSERT INTO upazillas (id, district_id, division_id, name, nameBn, bbsCode) VALUES ('195', '24', '3', 'RAJOIR', 'রাজৈর', '80');
INSERT INTO upazillas (id, district_id, division_id, name, nameBn, bbsCode) VALUES ('196', '24', '3', 'SHIBCHAR', 'শিবচর', '87');
INSERT INTO districts (id, division_id, bbsCode, name, nameBn) VALUES ('25', '3', '56', 'MANIKGANJ', 'মানিকগঞ্জ ');
INSERT INTO thanas (id, district_id, division_id, name, nameBn, bbsCode) VALUES ('328', '25', '3', 'DAULATPUR', 'দৌলতপুর', '10');
INSERT INTO thanas (id, district_id, division_id, name, nameBn, bbsCode) VALUES ('329', '25', '3', 'GHIOR', 'ঘিওর', '22');
INSERT INTO thanas (id, district_id, division_id, name, nameBn, bbsCode) VALUES ('330', '25', '3', 'HARIRAMPUR', 'হরিরামপুর', '28');
INSERT INTO thanas (id, district_id, division_id, name, nameBn, bbsCode) VALUES ('331', '25', '3', 'MANIKGANJ SADAR', 'মানিকগঞ্জ সদর', '46');
INSERT INTO thanas (id, district_id, division_id, name, nameBn, bbsCode) VALUES ('332', '25', '3', 'SATURIA', 'সাটুরিয়া', '70');
INSERT INTO thanas (id, district_id, division_id, name, nameBn, bbsCode) VALUES ('333', '25', '3', 'SHIBALAYA', 'শিবালয়', '78');
INSERT INTO thanas (id, district_id, division_id, name, nameBn, bbsCode) VALUES ('334', '25', '3', 'SINGAIR', 'শিংগাইর', '82');
INSERT INTO upazillas (id, district_id, division_id, name, nameBn, bbsCode) VALUES ('197', '25', '3', 'DAULATPUR', 'দৌলতপুর', '10');
INSERT INTO upazillas (id, district_id, division_id, name, nameBn, bbsCode) VALUES ('198', '25', '3', 'GHIOR', 'ঘিওর', '22');
INSERT INTO upazillas (id, district_id, division_id, name, nameBn, bbsCode) VALUES ('199', '25', '3', 'HARIRAMPUR', 'হরিরামপুর', '28');
INSERT INTO upazillas (id, district_id, division_id, name, nameBn, bbsCode) VALUES ('200', '25', '3', 'MANIKGANJ SADAR', 'মানিকগঞ্জ সদর', '46');
INSERT INTO upazillas (id, district_id, division_id, name, nameBn, bbsCode) VALUES ('201', '25', '3', 'SATURIA', 'সাটুরিয়া', '70');
INSERT INTO upazillas (id, district_id, division_id, name, nameBn, bbsCode) VALUES ('202', '25', '3', 'SHIBALAYA', 'শিবালয়', '78');
INSERT INTO upazillas (id, district_id, division_id, name, nameBn, bbsCode) VALUES ('203', '25', '3', 'SINGAIR', 'সিংগাইর', '82');
INSERT INTO districts (id, division_id, bbsCode, name, nameBn) VALUES ('26', '3', '59', 'MUNSHIGANJ', 'মুন্সিগঞ্জ ');
INSERT INTO thanas (id, district_id, division_id, name, nameBn, bbsCode) VALUES ('345', '26', '3', 'GAZARIA', 'গজারিয়া', '24');
INSERT INTO thanas (id, district_id, division_id, name, nameBn, bbsCode) VALUES ('346', '26', '3', 'LOHAJANG', 'লৌহজং', '44');
INSERT INTO thanas (id, district_id, division_id, name, nameBn, bbsCode) VALUES ('347', '26', '3', 'MUNSHIGANJ SADAR', 'মুন্সীগঞ্জ সদর', '56');
INSERT INTO thanas (id, district_id, division_id, name, nameBn, bbsCode) VALUES ('348', '26', '3', 'SERAJDIKHAN', 'সিরাজদিখান', '74');
INSERT INTO thanas (id, district_id, division_id, name, nameBn, bbsCode) VALUES ('349', '26', '3', 'SREENAGAR', 'শ্রীনগর', '84');
INSERT INTO thanas (id, district_id, division_id, name, nameBn, bbsCode) VALUES ('350', '26', '3', 'TONGIBARI', 'টুঙ্গিবাড়ী', '94');
INSERT INTO upazillas (id, district_id, division_id, name, nameBn, bbsCode) VALUES ('204', '26', '3', 'GAZARIA', 'গজারিয়া', '24');
INSERT INTO upazillas (id, district_id, division_id, name, nameBn, bbsCode) VALUES ('205', '26', '3', 'LOHAJANG', 'লৌহজং', '44');
INSERT INTO upazillas (id, district_id, division_id, name, nameBn, bbsCode) VALUES ('206', '26', '3', 'MUNSHIGANJ SADAR', 'মুন্সিগঞ্জ সদর', '56');
INSERT INTO upazillas (id, district_id, division_id, name, nameBn, bbsCode) VALUES ('207', '26', '3', 'SERAJDIKHAN', 'সিরাজদিখান', '74');
INSERT INTO upazillas (id, district_id, division_id, name, nameBn, bbsCode) VALUES ('208', '26', '3', 'SREENAGAR', 'শ্রীনগর', '84');
INSERT INTO upazillas (id, district_id, division_id, name, nameBn, bbsCode) VALUES ('209', '26', '3', 'TONGIBARI', 'টংগিবাড়ী', '94');
INSERT INTO districts (id, division_id, bbsCode, name, nameBn) VALUES ('28', '3', '67', 'NARAYANGANJ', 'নারায়ণগঞ্জ ');
INSERT INTO thanas (id, district_id, division_id, name, nameBn, bbsCode) VALUES ('378', '28', '3', 'ARAIHAZAR', 'আড়াইহাজার', '02');
INSERT INTO thanas (id, district_id, division_id, name, nameBn, bbsCode) VALUES ('379', '28', '3', 'SONARGAON', 'সোনারগাঁও', '04');
INSERT INTO thanas (id, district_id, division_id, name, nameBn, bbsCode) VALUES ('380', '28', '3', 'BANDAR', 'বন্দর', '06');
INSERT INTO thanas (id, district_id, division_id, name, nameBn, bbsCode) VALUES ('381', '28', '3', 'NARAYANGANJ SADAR', 'নারায়ণগঞ্জ সদর', '58');
INSERT INTO thanas (id, district_id, division_id, name, nameBn, bbsCode) VALUES ('382', '28', '3', 'RUPGANJ', 'রূপগঞ্জ', '68');
INSERT INTO city_corporations (id, district_id, division_id, name, nameBn, bbsCode) VALUES ('6', '28', '3', 'NARAYANGANJ CITY CORP.', 'নারায়ণগঞ্জ সিটি কর্পোরেশন', '44');
INSERT INTO upazillas (id, district_id, division_id, name, nameBn, bbsCode) VALUES ('223', '28', '3', 'ARAIHAZAR', 'আড়াইহাজার', '2');
INSERT INTO upazillas (id, district_id, division_id, name, nameBn, bbsCode) VALUES ('224', '28', '3', 'SONARGAON', 'সোনারগাঁ', '4');
INSERT INTO upazillas (id, district_id, division_id, name, nameBn, bbsCode) VALUES ('225', '28', '3', 'NARAYANGANJ SADAR', 'নারায়নগঞ্জ সদর', '58');
INSERT INTO upazillas (id, district_id, division_id, name, nameBn, bbsCode) VALUES ('226', '28', '3', 'RUPGANJ', 'রূপগঞ্জ', '68');
INSERT INTO districts (id, division_id, bbsCode, name, nameBn) VALUES ('29', '3', '68', 'NARSINGDI', 'নরসিংদী ');
INSERT INTO thanas (id, district_id, division_id, name, nameBn, bbsCode) VALUES ('383', '29', '3', 'BELABO', 'বেলাবো', '07');
INSERT INTO thanas (id, district_id, division_id, name, nameBn, bbsCode) VALUES ('384', '29', '3', 'MANOHARDI', 'মনোহরদী', '52');
INSERT INTO thanas (id, district_id, division_id, name, nameBn, bbsCode) VALUES ('385', '29', '3', 'NARSINGDI SADAR', 'নরসিংদী সদর', '60');
INSERT INTO thanas (id, district_id, division_id, name, nameBn, bbsCode) VALUES ('386', '29', '3', 'PALASH', 'পলাশ', '63');
INSERT INTO thanas (id, district_id, division_id, name, nameBn, bbsCode) VALUES ('387', '29', '3', 'ROYPURA', 'রায়পুরা', '64');
INSERT INTO thanas (id, district_id, division_id, name, nameBn, bbsCode) VALUES ('388', '29', '3', 'SHIBPUR', 'শিবপুর', '76');
INSERT INTO upazillas (id, district_id, division_id, name, nameBn, bbsCode) VALUES ('227', '29', '3', 'BELABO', 'বেলাবো', '7');
INSERT INTO upazillas (id, district_id, division_id, name, nameBn, bbsCode) VALUES ('228', '29', '3', 'MANOHARDI', 'মনোহরদী', '52');
INSERT INTO upazillas (id, district_id, division_id, name, nameBn, bbsCode) VALUES ('229', '29', '3', 'NARSINGDI ', 'নরসিংদী ', '60');
INSERT INTO upazillas (id, district_id, division_id, name, nameBn, bbsCode) VALUES ('230', '29', '3', 'PALASH', 'পলাশ', '63');
INSERT INTO upazillas (id, district_id, division_id, name, nameBn, bbsCode) VALUES ('231', '29', '3', 'ROYPURA', 'রায়পুরা', '64');
INSERT INTO upazillas (id, district_id, division_id, name, nameBn, bbsCode) VALUES ('232', '29', '3', 'SHIBPUR', 'শিবপুর', '76');
INSERT INTO districts (id, division_id, bbsCode, name, nameBn) VALUES ('31', '3', '82', 'RAJBARI', 'রাজবাড়ী ');
INSERT INTO thanas (id, district_id, division_id, name, nameBn, bbsCode) VALUES ('468', '31', '3', 'BALIAKANDI', 'বালিয়াকান্দি', '07');
INSERT INTO thanas (id, district_id, division_id, name, nameBn, bbsCode) VALUES ('469', '31', '3', 'GOALANDA', 'গোয়ালন্দ', '29');
INSERT INTO thanas (id, district_id, division_id, name, nameBn, bbsCode) VALUES ('470', '31', '3', 'KALUKHALI', 'কালুখালী', '47');
INSERT INTO thanas (id, district_id, division_id, name, nameBn, bbsCode) VALUES ('471', '31', '3', 'PANGSHA', 'পাংশা', '73');
INSERT INTO thanas (id, district_id, division_id, name, nameBn, bbsCode) VALUES ('472', '31', '3', 'RAJBARI SADAR', 'রাজবাড়ী সদর', '76');
INSERT INTO upazillas (id, district_id, division_id, name, nameBn, bbsCode) VALUES ('242', '31', '3', 'BALIAKANDI', 'বালিয়াকান্দি', '7');
INSERT INTO upazillas (id, district_id, division_id, name, nameBn, bbsCode) VALUES ('243', '31', '3', 'GOALANDA', 'গোয়ালন্দ', '29');
INSERT INTO upazillas (id, district_id, division_id, name, nameBn, bbsCode) VALUES ('244', '31', '3', 'KALUKHALI', 'কালুখালী', '47');
INSERT INTO upazillas (id, district_id, division_id, name, nameBn, bbsCode) VALUES ('245', '31', '3', 'PANGSHA', 'পাংশা', '73');
INSERT INTO upazillas (id, district_id, division_id, name, nameBn, bbsCode) VALUES ('246', '31', '3', 'RAJBARI SADAR', 'রাজবাড়ী সদর', '76');
INSERT INTO districts (id, division_id, bbsCode, name, nameBn) VALUES ('32', '3', '86', 'SHARIATPUR', 'শরীয়তপুর  ');
INSERT INTO thanas (id, district_id, division_id, name, nameBn, bbsCode) VALUES ('491', '32', '3', 'BHEDARGANJ', 'ভেদরগঞ্জ', '14');
INSERT INTO thanas (id, district_id, division_id, name, nameBn, bbsCode) VALUES ('492', '32', '3', 'DAMUDYA', 'ডামুড্যা', '25');
INSERT INTO thanas (id, district_id, division_id, name, nameBn, bbsCode) VALUES ('493', '32', '3', 'GOSAIRHAT', 'গোসাইরহাট', '36');
INSERT INTO thanas (id, district_id, division_id, name, nameBn, bbsCode) VALUES ('494', '32', '3', 'NARIA', 'নড়িয়া', '65');
INSERT INTO thanas (id, district_id, division_id, name, nameBn, bbsCode) VALUES ('495', '32', '3', 'SHARIATPUR SADAR', 'শরিয়তপুর সদর', '69');
INSERT INTO thanas (id, district_id, division_id, name, nameBn, bbsCode) VALUES ('496', '32', '3', 'ZANJIRA', 'জাজিরা', '94');
INSERT INTO upazillas (id, district_id, division_id, name, nameBn, bbsCode) VALUES ('247', '32', '3', 'BHEDARGANJ', 'ভেদরগঞ্জ', '14');
INSERT INTO upazillas (id, district_id, division_id, name, nameBn, bbsCode) VALUES ('248', '32', '3', 'DAMUDYA', 'ডামুড্যা', '25');
INSERT INTO upazillas (id, district_id, division_id, name, nameBn, bbsCode) VALUES ('249', '32', '3', 'GOSAIRHAT', 'গোসাইরহাট', '36');
INSERT INTO upazillas (id, district_id, division_id, name, nameBn, bbsCode) VALUES ('250', '32', '3', 'NARIA', 'নড়িয়া', '65');
INSERT INTO upazillas (id, district_id, division_id, name, nameBn, bbsCode) VALUES ('251', '32', '3', 'SHARIATPUR SADAR', 'শরিয়তপুর সদর', '69');
INSERT INTO upazillas (id, district_id, division_id, name, nameBn, bbsCode) VALUES ('252', '32', '3', 'ZANJIRA', 'জাজিরা', '94');
INSERT INTO districts (id, division_id, bbsCode, name, nameBn) VALUES ('34', '3', '93', 'TANGAIL', 'টাঙ্গাইল ');
INSERT INTO thanas (id, district_id, division_id, name, nameBn, bbsCode) VALUES ('541', '34', '3', 'BASAIL', 'বাসাইল', '09');
INSERT INTO thanas (id, district_id, division_id, name, nameBn, bbsCode) VALUES ('542', '34', '3', 'BHUAPUR', 'ভূঞাপুর', '19');
INSERT INTO thanas (id, district_id, division_id, name, nameBn, bbsCode) VALUES ('543', '34', '3', 'DELDUAR', 'দেলদুয়ার', '23');
INSERT INTO thanas (id, district_id, division_id, name, nameBn, bbsCode) VALUES ('544', '34', '3', 'DHANBARI', 'ধনবাড়ী', '25');
INSERT INTO thanas (id, district_id, division_id, name, nameBn, bbsCode) VALUES ('545', '34', '3', 'GHATAIL', 'ঘাটাইল', '28');
INSERT INTO thanas (id, district_id, division_id, name, nameBn, bbsCode) VALUES ('546', '34', '3', 'GOPALPUR', 'গোপালপুর', '38');
INSERT INTO thanas (id, district_id, division_id, name, nameBn, bbsCode) VALUES ('547', '34', '3', 'KALIHATI', 'কালিহাতি', '47');
INSERT INTO thanas (id, district_id, division_id, name, nameBn, bbsCode) VALUES ('548', '34', '3', 'MADHUPUR', 'মধুপুর', '57');
INSERT INTO thanas (id, district_id, division_id, name, nameBn, bbsCode) VALUES ('549', '34', '3', 'MIRZAPUR', 'মির্জাপুর', '66');
INSERT INTO thanas (id, district_id, division_id, name, nameBn, bbsCode) VALUES ('550', '34', '3', 'NAGARPUR', 'নাগরপুর', '76');
INSERT INTO thanas (id, district_id, division_id, name, nameBn, bbsCode) VALUES ('551', '34', '3', 'SAKHIPUR', 'সখিপুর', '85');
INSERT INTO thanas (id, district_id, division_id, name, nameBn, bbsCode) VALUES ('552', '34', '3', 'TANGAIL SADAR', 'টাঙ্গাইল সদর', '95');
INSERT INTO upazillas (id, district_id, division_id, name, nameBn, bbsCode) VALUES ('258', '34', '3', 'BASAIL', 'বাসাইল', '9');
INSERT INTO upazillas (id, district_id, division_id, name, nameBn, bbsCode) VALUES ('259', '34', '3', 'BHUAPUR', 'ভুয়াপুর', '19');
INSERT INTO upazillas (id, district_id, division_id, name, nameBn, bbsCode) VALUES ('260', '34', '3', 'DELDUAR', 'দেলদুয়ার', '23');
INSERT INTO upazillas (id, district_id, division_id, name, nameBn, bbsCode) VALUES ('261', '34', '3', 'DHANBARI', 'ধনবাড়ী', '25');
INSERT INTO upazillas (id, district_id, division_id, name, nameBn, bbsCode) VALUES ('262', '34', '3', 'GHATAIL', 'ঘাটাইল', '28');
INSERT INTO upazillas (id, district_id, division_id, name, nameBn, bbsCode) VALUES ('263', '34', '3', 'GOPALPUR', 'গোপালপুর', '38');
INSERT INTO upazillas (id, district_id, division_id, name, nameBn, bbsCode) VALUES ('264', '34', '3', 'KALIHATI', 'কালিহাতী', '47');
INSERT INTO upazillas (id, district_id, division_id, name, nameBn, bbsCode) VALUES ('265', '34', '3', 'MADHUPUR', 'মধুপুর', '57');
INSERT INTO upazillas (id, district_id, division_id, name, nameBn, bbsCode) VALUES ('266', '34', '3', 'MIRZAPUR', 'মির্জাপুর', '66');
INSERT INTO upazillas (id, district_id, division_id, name, nameBn, bbsCode) VALUES ('267', '34', '3', 'NAGARPUR', 'নাগরপুর', '76');
INSERT INTO upazillas (id, district_id, division_id, name, nameBn, bbsCode) VALUES ('268', '34', '3', 'SAKHIPUR', 'সখিপুর', '85');
INSERT INTO upazillas (id, district_id, division_id, name, nameBn, bbsCode) VALUES ('269', '34', '3', 'TANGAIL SADAR', 'টাঙ্গাইল সদর', '95');
INSERT INTO divisions (id, bbsCode, name, nameBn) VALUES ('4', '40', 'Khulna', 'খুলনা');
INSERT INTO districts (id, division_id, bbsCode, name, nameBn) VALUES ('35', '4', '01', 'BAGERHAT', 'বাগেরহাট');
INSERT INTO thanas (id, district_id, division_id, name, nameBn, bbsCode) VALUES ('1', '35', '4', 'BAGERHAT SADAR', 'বাগেরহাট সদর', '08');
INSERT INTO thanas (id, district_id, division_id, name, nameBn, bbsCode) VALUES ('2', '35', '4', 'CHITALMARI', 'চিতলমারী', '14');
INSERT INTO thanas (id, district_id, division_id, name, nameBn, bbsCode) VALUES ('3', '35', '4', 'FAKIRHAT', 'ফকিরহাট', '34');
INSERT INTO thanas (id, district_id, division_id, name, nameBn, bbsCode) VALUES ('4', '35', '4', 'KACHUA', 'কচুয়া', '38');
INSERT INTO thanas (id, district_id, division_id, name, nameBn, bbsCode) VALUES ('5', '35', '4', 'MOLLAHAT', 'মোল্লাহাট', '56');
INSERT INTO thanas (id, district_id, division_id, name, nameBn, bbsCode) VALUES ('6', '35', '4', 'MONGLA', 'মোংলা', '58');
INSERT INTO thanas (id, district_id, division_id, name, nameBn, bbsCode) VALUES ('7', '35', '4', 'MORRELGANJ', 'মোড়লগঞ্জ', '60');
INSERT INTO thanas (id, district_id, division_id, name, nameBn, bbsCode) VALUES ('8', '35', '4', 'RAMPAL', 'রামপাল', '73');
INSERT INTO thanas (id, district_id, division_id, name, nameBn, bbsCode) VALUES ('9', '35', '4', 'SARANKHOLA', 'শরণখোলা', '77');
INSERT INTO upazillas (id, district_id, division_id, name, nameBn, bbsCode) VALUES ('270', '35', '4', 'BAGERHAT SADAR
', 'বাগেরহাট সদর', '8');
INSERT INTO upazillas (id, district_id, division_id, name, nameBn, bbsCode) VALUES ('271', '35', '4', 'CHITALMARI', 'চিতলমারী ', '14');
INSERT INTO upazillas (id, district_id, division_id, name, nameBn, bbsCode) VALUES ('272', '35', '4', 'FAKIRHAT', 'ফকিরহাট ', '34');
INSERT INTO upazillas (id, district_id, division_id, name, nameBn, bbsCode) VALUES ('273', '35', '4', 'KACHUA', 'কচুয়া ', '38');
INSERT INTO upazillas (id, district_id, division_id, name, nameBn, bbsCode) VALUES ('274', '35', '4', 'MOLLAHAT', 'মোল্লাহাট ', '56');
INSERT INTO upazillas (id, district_id, division_id, name, nameBn, bbsCode) VALUES ('275', '35', '4', 'MONGLA', 'মোংলা ', '58');
INSERT INTO upazillas (id, district_id, division_id, name, nameBn, bbsCode) VALUES ('276', '35', '4', 'MORRELGANJ', 'মোড়েলগঞ্জ ', '60');
INSERT INTO upazillas (id, district_id, division_id, name, nameBn, bbsCode) VALUES ('277', '35', '4', 'RAMPAL', 'রামপাল ', '73');
INSERT INTO upazillas (id, district_id, division_id, name, nameBn, bbsCode) VALUES ('278', '35', '4', 'SARANKHOLA', 'শরণখোলা', '');
INSERT INTO districts (id, division_id, bbsCode, name, nameBn) VALUES ('36', '4', '18', 'CHUADANGA', 'চুয়াডাঙ্গা ');
INSERT INTO thanas (id, district_id, division_id, name, nameBn, bbsCode) VALUES ('95', '36', '4', 'ALAMDANGA', 'আলমডাংগা', '07');
INSERT INTO thanas (id, district_id, division_id, name, nameBn, bbsCode) VALUES ('96', '36', '4', 'CHUADANGA SADAR', 'চুয়াডাঙ্গা সদর', '23');
INSERT INTO thanas (id, district_id, division_id, name, nameBn, bbsCode) VALUES ('97', '36', '4', 'DAMURHUDA', 'দামুরহুদা', '31');
INSERT INTO thanas (id, district_id, division_id, name, nameBn, bbsCode) VALUES ('98', '36', '4', 'JIBAN NAGAR', 'জীবন নগর', '55');
INSERT INTO upazillas (id, district_id, division_id, name, nameBn, bbsCode) VALUES ('279', '36', '4', 'ALAMDANGA', 'আলমডাঙ্গা ', '7');
INSERT INTO upazillas (id, district_id, division_id, name, nameBn, bbsCode) VALUES ('280', '36', '4', 'CHUADANGA SADAR', 'চুয়াডাঙ্গা সদর ', '23');
INSERT INTO upazillas (id, district_id, division_id, name, nameBn, bbsCode) VALUES ('281', '36', '4', 'DAMURHUDA', 'দামুড়হুদা ', '31');
INSERT INTO upazillas (id, district_id, division_id, name, nameBn, bbsCode) VALUES ('282', '36', '4', 'JIBAN NAGAR', 'জীবননগর ', '55');
INSERT INTO districts (id, division_id, bbsCode, name, nameBn) VALUES ('37', '4', '41', 'JESSORE', 'যশোর ');
INSERT INTO thanas (id, district_id, division_id, name, nameBn, bbsCode) VALUES ('242', '37', '4', 'ABHAYNAGAR', 'অভয়নগর', '04');
INSERT INTO thanas (id, district_id, division_id, name, nameBn, bbsCode) VALUES ('243', '37', '4', 'BAGHER PARA', 'বাঘারপাড়া', '09');
INSERT INTO thanas (id, district_id, division_id, name, nameBn, bbsCode) VALUES ('244', '37', '4', 'CHAUGACHHA', 'চৌগাছা', '11');
INSERT INTO thanas (id, district_id, division_id, name, nameBn, bbsCode) VALUES ('245', '37', '4', 'JHIKARGACHHA', 'ঝিকরগাছা', '23');
INSERT INTO thanas (id, district_id, division_id, name, nameBn, bbsCode) VALUES ('246', '37', '4', 'KESHABPUR', 'কেশবপুর', '38');
INSERT INTO thanas (id, district_id, division_id, name, nameBn, bbsCode) VALUES ('247', '37', '4', 'JESSORE SADAR', 'যশোর সদর', '47');
INSERT INTO thanas (id, district_id, division_id, name, nameBn, bbsCode) VALUES ('248', '37', '4', 'MANIRAMPUR', 'মনিরামপুর', '61');
INSERT INTO thanas (id, district_id, division_id, name, nameBn, bbsCode) VALUES ('249', '37', '4', 'SHARSHA', 'শার্শা', '90');
INSERT INTO upazillas (id, district_id, division_id, name, nameBn, bbsCode) VALUES ('283', '37', '4', 'ABHAYNAGAR', 'অভয়নগর ', '4');
INSERT INTO upazillas (id, district_id, division_id, name, nameBn, bbsCode) VALUES ('284', '37', '4', 'BAGHER PARA', 'বাঘারপাড়া ', '9');
INSERT INTO upazillas (id, district_id, division_id, name, nameBn, bbsCode) VALUES ('285', '37', '4', 'CHAUGACHHA', 'চৌগাছা', '11');
INSERT INTO upazillas (id, district_id, division_id, name, nameBn, bbsCode) VALUES ('286', '37', '4', 'JHIKARGACHHA', 'ঝিকরগাছা ', '23');
INSERT INTO upazillas (id, district_id, division_id, name, nameBn, bbsCode) VALUES ('287', '37', '4', 'KESHABPUR', 'কেশবপুর ', '38');
INSERT INTO upazillas (id, district_id, division_id, name, nameBn, bbsCode) VALUES ('288', '37', '4', 'JESSORE SADAR', 'যশোর সদর ', '47');
INSERT INTO upazillas (id, district_id, division_id, name, nameBn, bbsCode) VALUES ('289', '37', '4', 'MANIRAMPUR', 'মণিরামপুর', '61');
INSERT INTO upazillas (id, district_id, division_id, name, nameBn, bbsCode) VALUES ('290', '37', '4', 'SHARSHA', 'শার্শা ', '90');
INSERT INTO districts (id, division_id, bbsCode, name, nameBn) VALUES ('38', '4', '44', 'JHENAIDAH', 'ঝিনাইদহ ');
INSERT INTO thanas (id, district_id, division_id, name, nameBn, bbsCode) VALUES ('254', '38', '4', 'HARINAKUNDA', 'হরিনাকুন্ডু', '14');
INSERT INTO thanas (id, district_id, division_id, name, nameBn, bbsCode) VALUES ('255', '38', '4', 'JHENAIDAH SADAR', 'ঝিনাইদহ সদর', '19');
INSERT INTO thanas (id, district_id, division_id, name, nameBn, bbsCode) VALUES ('256', '38', '4', 'KALIGANJ', 'কালীগঞ্জ', '33');
INSERT INTO thanas (id, district_id, division_id, name, nameBn, bbsCode) VALUES ('257', '38', '4', 'KOTCHANDPUR', 'কোটচাঁদপুর', '42');
INSERT INTO thanas (id, district_id, division_id, name, nameBn, bbsCode) VALUES ('258', '38', '4', 'MAHESHPUR', 'মহেশপুর', '71');
INSERT INTO thanas (id, district_id, division_id, name, nameBn, bbsCode) VALUES ('259', '38', '4', 'SHAILKUPA', 'শৈলকুপা', '80');
INSERT INTO upazillas (id, district_id, division_id, name, nameBn, bbsCode) VALUES ('291', '38', '4', 'HARINAKUNDA', 'হরিণাকুন্ডু ', '14');
INSERT INTO upazillas (id, district_id, division_id, name, nameBn, bbsCode) VALUES ('292', '38', '4', 'JHENAIDAH SADAR', 'ঝিনাইদহ সদর', '19');
INSERT INTO upazillas (id, district_id, division_id, name, nameBn, bbsCode) VALUES ('293', '38', '4', 'KALIGANJ', 'কালীগঞ্জ ', '33');
INSERT INTO upazillas (id, district_id, division_id, name, nameBn, bbsCode) VALUES ('294', '38', '4', 'KOTCHANDPUR', 'কোটচাঁদপুর ', '42');
INSERT INTO upazillas (id, district_id, division_id, name, nameBn, bbsCode) VALUES ('295', '38', '4', 'MAHESHPUR', 'মহেশপুর ', '71');
INSERT INTO upazillas (id, district_id, division_id, name, nameBn, bbsCode) VALUES ('296', '38', '4', 'SHAILKUPA', 'শৈলকুপা ', '80');
INSERT INTO districts (id, division_id, bbsCode, name, nameBn) VALUES ('39', '4', '47', 'KHULNA', 'খুলনা ');
INSERT INTO thanas (id, district_id, division_id, name, nameBn, bbsCode) VALUES ('268', '39', '4', 'BATIAGHATA', 'বটিয়াঘাটা', '12');
INSERT INTO thanas (id, district_id, division_id, name, nameBn, bbsCode) VALUES ('269', '39', '4', 'DACOPE', 'দাকোপ', '17');
INSERT INTO thanas (id, district_id, division_id, name, nameBn, bbsCode) VALUES ('270', '39', '4', 'DAULATPUR', 'দৌলতপুর', '21');
INSERT INTO thanas (id, district_id, division_id, name, nameBn, bbsCode) VALUES ('271', '39', '4', 'DUMURIA', 'ডুমুরিয়া', '30');
INSERT INTO thanas (id, district_id, division_id, name, nameBn, bbsCode) VALUES ('272', '39', '4', 'DIGHALIA', 'দিঘলিয়া', '40');
INSERT INTO thanas (id, district_id, division_id, name, nameBn, bbsCode) VALUES ('273', '39', '4', 'KHALISHPUR', 'খালিসপুর', '45');
INSERT INTO thanas (id, district_id, division_id, name, nameBn, bbsCode) VALUES ('274', '39', '4', 'KHAN JAHAN ALI', 'খান জাহান আলী', '48');
INSERT INTO thanas (id, district_id, division_id, name, nameBn, bbsCode) VALUES ('275', '39', '4', 'KHULNA SADAR', 'খুলনা সদর', '51');
INSERT INTO thanas (id, district_id, division_id, name, nameBn, bbsCode) VALUES ('276', '39', '4', 'KOYRA', 'কয়রা', '53');
INSERT INTO thanas (id, district_id, division_id, name, nameBn, bbsCode) VALUES ('277', '39', '4', 'PAIKGACHHA', 'পাইকগাছা', '64');
INSERT INTO thanas (id, district_id, division_id, name, nameBn, bbsCode) VALUES ('278', '39', '4', 'PHULTALA', 'ফুলতলা', '69');
INSERT INTO thanas (id, district_id, division_id, name, nameBn, bbsCode) VALUES ('279', '39', '4', 'RUPSA', 'রূপসা', '75');
INSERT INTO thanas (id, district_id, division_id, name, nameBn, bbsCode) VALUES ('280', '39', '4', 'SONADANGA', 'সোনাডাঙ্গা', '85');
INSERT INTO thanas (id, district_id, division_id, name, nameBn, bbsCode) VALUES ('281', '39', '4', 'TEROKHADA', 'তেরখাদা', '94');
INSERT INTO city_corporations (id, district_id, division_id, name, nameBn, bbsCode) VALUES ('8', '39', '4', 'KHULNA CITY CORP.', 'খুলনা সিটি কর্পোরেশন', '33');
INSERT INTO upazillas (id, district_id, division_id, name, nameBn, bbsCode) VALUES ('297', '39', '4', 'BATIAGHATA', 'বটিয়াঘাটা ', '12');
INSERT INTO upazillas (id, district_id, division_id, name, nameBn, bbsCode) VALUES ('298', '39', '4', 'DACOPE', 'দাকোপ ', '17');
INSERT INTO upazillas (id, district_id, division_id, name, nameBn, bbsCode) VALUES ('299', '39', '4', 'DUMURIA', 'ডুমুরিয়া ', '30');
INSERT INTO upazillas (id, district_id, division_id, name, nameBn, bbsCode) VALUES ('300', '39', '4', 'KOYRA', 'কয়রা ', '53');
INSERT INTO upazillas (id, district_id, division_id, name, nameBn, bbsCode) VALUES ('301', '39', '4', 'PAIKGACHHA', 'পাইকগাছা ', '64');
INSERT INTO upazillas (id, district_id, division_id, name, nameBn, bbsCode) VALUES ('302', '39', '4', 'PHULTALA', 'ফুলতলা ', '69');
INSERT INTO upazillas (id, district_id, division_id, name, nameBn, bbsCode) VALUES ('303', '39', '4', 'RUPSA', 'রূপসা ', '75');
INSERT INTO upazillas (id, district_id, division_id, name, nameBn, bbsCode) VALUES ('304', '39', '4', 'TEROKHADA', 'তেরখাদা ', '94');
INSERT INTO upazillas (id, district_id, division_id, name, nameBn, bbsCode) VALUES ('305', '39', '4', 'DHEGHOLIA', 'দিঘলিয়া', '40');
INSERT INTO districts (id, division_id, bbsCode, name, nameBn) VALUES ('40', '4', '50', 'KUSHTIA', 'কুষ্টিয়া ');
INSERT INTO thanas (id, district_id, division_id, name, nameBn, bbsCode) VALUES ('304', '40', '4', 'BHERAMARA', 'ভেড়ামারা', '15');
INSERT INTO thanas (id, district_id, division_id, name, nameBn, bbsCode) VALUES ('305', '40', '4', 'DAULATPUR', 'দৌলতপুর', '39');
INSERT INTO thanas (id, district_id, division_id, name, nameBn, bbsCode) VALUES ('306', '40', '4', 'KHOKSA', 'খোক্‌সা', '63');
INSERT INTO thanas (id, district_id, division_id, name, nameBn, bbsCode) VALUES ('307', '40', '4', 'KUMARKHALI', 'কুমারখালী', '71');
INSERT INTO thanas (id, district_id, division_id, name, nameBn, bbsCode) VALUES ('308', '40', '4', 'KUSHTIA SADAR', 'কুষ্টিয়া সদর', '79');
INSERT INTO thanas (id, district_id, division_id, name, nameBn, bbsCode) VALUES ('309', '40', '4', 'MIRPUR', 'মিরপুর', '94');
INSERT INTO upazillas (id, district_id, division_id, name, nameBn, bbsCode) VALUES ('306', '40', '4', 'BHERAMARA', 'ভেড়ামারা ', '15');
INSERT INTO upazillas (id, district_id, division_id, name, nameBn, bbsCode) VALUES ('307', '40', '4', 'DAULATPUR', 'দৌলতপুর ', '39');
INSERT INTO upazillas (id, district_id, division_id, name, nameBn, bbsCode) VALUES ('308', '40', '4', 'KHOKSA', 'খোকসা', '63');
INSERT INTO upazillas (id, district_id, division_id, name, nameBn, bbsCode) VALUES ('309', '40', '4', 'KUMARKHALI', 'কুমারখালী ', '71');
INSERT INTO upazillas (id, district_id, division_id, name, nameBn, bbsCode) VALUES ('310', '40', '4', 'KUSHTIA SADAR', 'কুষ্টিয়া সদর ', '79');
INSERT INTO upazillas (id, district_id, division_id, name, nameBn, bbsCode) VALUES ('311', '40', '4', 'MIRPUR', 'মিরপুর ', '94');
INSERT INTO districts (id, division_id, bbsCode, name, nameBn) VALUES ('41', '4', '55', 'MAGURA', 'মাগুরা');
INSERT INTO thanas (id, district_id, division_id, name, nameBn, bbsCode) VALUES ('324', '41', '4', 'MAGURA SADAR', 'মাগুরা সদর', '57');
INSERT INTO thanas (id, district_id, division_id, name, nameBn, bbsCode) VALUES ('325', '41', '4', 'MOHAMMADPUR', 'মোহাম্মদপুর', '66');
INSERT INTO thanas (id, district_id, division_id, name, nameBn, bbsCode) VALUES ('326', '41', '4', 'SHALIKHA', 'শালিখা', '85');
INSERT INTO thanas (id, district_id, division_id, name, nameBn, bbsCode) VALUES ('327', '41', '4', 'SREEPUR', 'শ্রীপুর', '95');
INSERT INTO upazillas (id, district_id, division_id, name, nameBn, bbsCode) VALUES ('312', '41', '4', 'MAGURA SADAR', 'মাগুরা সদর ', '57');
INSERT INTO upazillas (id, district_id, division_id, name, nameBn, bbsCode) VALUES ('313', '41', '4', 'MOHAMMADPUR', 'মহম্মদপুর ', '66');
INSERT INTO upazillas (id, district_id, division_id, name, nameBn, bbsCode) VALUES ('314', '41', '4', 'SHALIKHA', 'শালিখা ', '85');
INSERT INTO upazillas (id, district_id, division_id, name, nameBn, bbsCode) VALUES ('315', '41', '4', 'SREEPUR', 'শ্রীপুর ', '95');
INSERT INTO districts (id, division_id, bbsCode, name, nameBn) VALUES ('42', '4', '57', 'MEHERPUR', 'মেহেরপুর ');
INSERT INTO thanas (id, district_id, division_id, name, nameBn, bbsCode) VALUES ('335', '42', '4', 'GANGNI', 'গাংনী', '47');
INSERT INTO thanas (id, district_id, division_id, name, nameBn, bbsCode) VALUES ('336', '42', '4', 'MUJIB NAGAR', 'মজিব নগর', '60');
INSERT INTO thanas (id, district_id, division_id, name, nameBn, bbsCode) VALUES ('337', '42', '4', 'MEHERPUR SADAR', 'মেহেরপুর সদর', '87');
INSERT INTO upazillas (id, district_id, division_id, name, nameBn, bbsCode) VALUES ('316', '42', '4', 'GANGNI', 'গাংনী ', '47');
INSERT INTO upazillas (id, district_id, division_id, name, nameBn, bbsCode) VALUES ('317', '42', '4', 'MUJIB NAGAR', 'মুজিবনগর ', '60');
INSERT INTO upazillas (id, district_id, division_id, name, nameBn, bbsCode) VALUES ('318', '42', '4', 'MEHERPUR SADAR', 'মেহেরপুর সদর', '87');
INSERT INTO districts (id, division_id, bbsCode, name, nameBn) VALUES ('43', '4', '65', 'NARAIL', 'নড়াইল ');
INSERT INTO thanas (id, district_id, division_id, name, nameBn, bbsCode) VALUES ('375', '43', '4', 'KALIA', 'কালিয়া', '28');
INSERT INTO thanas (id, district_id, division_id, name, nameBn, bbsCode) VALUES ('376', '43', '4', 'LOHAGARA', 'লোহাগড়া', '52');
INSERT INTO thanas (id, district_id, division_id, name, nameBn, bbsCode) VALUES ('377', '43', '4', 'NARAIL SADAR', 'নড়াইল সদর', '76');
INSERT INTO upazillas (id, district_id, division_id, name, nameBn, bbsCode) VALUES ('319', '43', '4', 'KALIA', 'কালিয়া', '28');
INSERT INTO upazillas (id, district_id, division_id, name, nameBn, bbsCode) VALUES ('320', '43', '4', 'LOHAGARA', 'লোহাগড়া', '52');
INSERT INTO upazillas (id, district_id, division_id, name, nameBn, bbsCode) VALUES ('321', '43', '4', 'NARAIL SADAR', 'নড়াইল সদর ', '76');
INSERT INTO districts (id, division_id, bbsCode, name, nameBn) VALUES ('44', '4', '87', 'SATKHIRA', 'সাতক্ষীরা ');
INSERT INTO thanas (id, district_id, division_id, name, nameBn, bbsCode) VALUES ('497', '44', '4', 'ASSASUNI', 'আশাশুনি', '04');
INSERT INTO thanas (id, district_id, division_id, name, nameBn, bbsCode) VALUES ('498', '44', '4', 'DEBHATA', 'দেবহাটা', '25');
INSERT INTO thanas (id, district_id, division_id, name, nameBn, bbsCode) VALUES ('499', '44', '4', 'KALAROA', 'কলারোয়া', '43');
INSERT INTO thanas (id, district_id, division_id, name, nameBn, bbsCode) VALUES ('500', '44', '4', 'KALIGANJ', 'কালিগঞ্জ', '47');
INSERT INTO thanas (id, district_id, division_id, name, nameBn, bbsCode) VALUES ('501', '44', '4', 'SATKHIRA SADAR', 'সাতক্ষিরা সদর', '82');
INSERT INTO thanas (id, district_id, division_id, name, nameBn, bbsCode) VALUES ('502', '44', '4', 'SHYAMNAGAR', 'শ্যামনগর', '86');
INSERT INTO thanas (id, district_id, division_id, name, nameBn, bbsCode) VALUES ('503', '44', '4', 'TALA', 'তালা', '90');
INSERT INTO upazillas (id, district_id, division_id, name, nameBn, bbsCode) VALUES ('322', '44', '4', 'ASSASUNI', 'আশাশুনি ', '4');
INSERT INTO upazillas (id, district_id, division_id, name, nameBn, bbsCode) VALUES ('323', '44', '4', 'DEBHATA', 'দেবহাটা ', '25');
INSERT INTO upazillas (id, district_id, division_id, name, nameBn, bbsCode) VALUES ('324', '44', '4', 'KALAROA', 'কলারোয়া ', '43');
INSERT INTO upazillas (id, district_id, division_id, name, nameBn, bbsCode) VALUES ('325', '44', '4', 'KALIGANJ', 'কালিগঞ্জ ', '47');
INSERT INTO upazillas (id, district_id, division_id, name, nameBn, bbsCode) VALUES ('326', '44', '4', 'SATKHIRA SADAR', 'সাতক্ষীরা সদর', '82');
INSERT INTO upazillas (id, district_id, division_id, name, nameBn, bbsCode) VALUES ('327', '44', '4', 'SHYAMNAGAR', 'শ্যামনগর ', '86');
INSERT INTO upazillas (id, district_id, division_id, name, nameBn, bbsCode) VALUES ('328', '44', '4', 'TALA', 'তালা ', '90');
INSERT INTO divisions (id, bbsCode, name, nameBn) VALUES ('5', '50', 'Rajshahi', 'রাজশাহী');
INSERT INTO districts (id, division_id, bbsCode, name, nameBn) VALUES ('45', '5', '10', 'BOGRA', 'বগুড়া ');
INSERT INTO thanas (id, district_id, division_id, name, nameBn, bbsCode) VALUES ('40', '45', '5', 'ADAMDIGHI', 'আদমদিঘী', '06');
INSERT INTO thanas (id, district_id, division_id, name, nameBn, bbsCode) VALUES ('41', '45', '5', 'BOGRA SADAR', 'বগুড়া সদর', '20');
INSERT INTO thanas (id, district_id, division_id, name, nameBn, bbsCode) VALUES ('42', '45', '5', 'DHUNAT', 'ধুনট', '27');
INSERT INTO thanas (id, district_id, division_id, name, nameBn, bbsCode) VALUES ('43', '45', '5', 'DHUPCHANCHIA', 'ধুপচাঁচিয়া', '33');
INSERT INTO thanas (id, district_id, division_id, name, nameBn, bbsCode) VALUES ('44', '45', '5', 'GABTALI', 'গাবতলী', '40');
INSERT INTO thanas (id, district_id, division_id, name, nameBn, bbsCode) VALUES ('45', '45', '5', 'KAHALOO', 'কাহালু', '54');
INSERT INTO thanas (id, district_id, division_id, name, nameBn, bbsCode) VALUES ('46', '45', '5', 'NANDIGRAM', 'নন্দীগ্রাম', '67');
INSERT INTO thanas (id, district_id, division_id, name, nameBn, bbsCode) VALUES ('47', '45', '5', 'SARIAKANDI', 'সারিয়াকান্দি', '81');
INSERT INTO thanas (id, district_id, division_id, name, nameBn, bbsCode) VALUES ('48', '45', '5', 'SHAJAHANPUR', 'শাহজাহানপুর', '85');
INSERT INTO thanas (id, district_id, division_id, name, nameBn, bbsCode) VALUES ('49', '45', '5', 'SHERPUR', 'শেরপুর', '88');
INSERT INTO thanas (id, district_id, division_id, name, nameBn, bbsCode) VALUES ('50', '45', '5', 'SHIBGANJ', 'শিব্‌গঞ্জ', '94');
INSERT INTO thanas (id, district_id, division_id, name, nameBn, bbsCode) VALUES ('51', '45', '5', 'SONATOLA', 'সোনাতলা', '95');
INSERT INTO upazillas (id, district_id, division_id, name, nameBn, bbsCode) VALUES ('329', '45', '5', 'ADAMDIGHI', 'আদমদিঘি', '06');
INSERT INTO upazillas (id, district_id, division_id, name, nameBn, bbsCode) VALUES ('330', '45', '5', 'BOGRA SADAR', 'বগুড়া  সদর', '20');
INSERT INTO upazillas (id, district_id, division_id, name, nameBn, bbsCode) VALUES ('331', '45', '5', 'DHUNAT', 'ধুনট', '27');
INSERT INTO upazillas (id, district_id, division_id, name, nameBn, bbsCode) VALUES ('332', '45', '5', 'DHUPCHANCHIA', 'দুপচাচিঁয়া', '33');
INSERT INTO upazillas (id, district_id, division_id, name, nameBn, bbsCode) VALUES ('333', '45', '5', 'GABTALI', 'গাবতলি', '40');
INSERT INTO upazillas (id, district_id, division_id, name, nameBn, bbsCode) VALUES ('334', '45', '5', 'KAHALOO', 'কাহালু', '54');
INSERT INTO upazillas (id, district_id, division_id, name, nameBn, bbsCode) VALUES ('335', '45', '5', 'NANDIGRAM', 'নন্দিগ্রাম', '67');
INSERT INTO upazillas (id, district_id, division_id, name, nameBn, bbsCode) VALUES ('336', '45', '5', 'SARIAKANDI', 'সারিয়াকান্দি', '81');
INSERT INTO upazillas (id, district_id, division_id, name, nameBn, bbsCode) VALUES ('337', '45', '5', 'SHAJAHANPUR', 'শাজাহানপুর', '85');
INSERT INTO upazillas (id, district_id, division_id, name, nameBn, bbsCode) VALUES ('338', '45', '5', 'SHERPUR', 'শেরপুর', '88');
INSERT INTO upazillas (id, district_id, division_id, name, nameBn, bbsCode) VALUES ('339', '45', '5', 'SHIBGANJ', 'শিবগঞ্জ', '94');
INSERT INTO upazillas (id, district_id, division_id, name, nameBn, bbsCode) VALUES ('340', '45', '5', 'SONATOLA', 'সোনাতলা ', '95');
INSERT INTO districts (id, division_id, bbsCode, name, nameBn) VALUES ('46', '5', '38', 'JOYPURHAT', 'জয়পুরহাট');
INSERT INTO thanas (id, district_id, division_id, name, nameBn, bbsCode) VALUES ('230', '46', '5', 'AKKELPUR', 'আক্কেলপুর', '13');
INSERT INTO thanas (id, district_id, division_id, name, nameBn, bbsCode) VALUES ('231', '46', '5', 'JOYPURHAT SADAR', 'জয়পুরহাট সদর', '47');
INSERT INTO thanas (id, district_id, division_id, name, nameBn, bbsCode) VALUES ('232', '46', '5', 'KALAI', 'কালাই', '58');
INSERT INTO thanas (id, district_id, division_id, name, nameBn, bbsCode) VALUES ('233', '46', '5', 'KHETLAL', 'ক্ষেতলাল', '61');
INSERT INTO thanas (id, district_id, division_id, name, nameBn, bbsCode) VALUES ('234', '46', '5', 'PANCHBIBI', 'পাঁচবিবি', '74');
INSERT INTO upazillas (id, district_id, division_id, name, nameBn, bbsCode) VALUES ('341', '46', '5', 'AKKELPUR', 'আক্কেলপুর ', '13');
INSERT INTO upazillas (id, district_id, division_id, name, nameBn, bbsCode) VALUES ('342', '46', '5', 'JOYPURHAT SADAR', ' জয়পুরহাট সদর', '47');
INSERT INTO upazillas (id, district_id, division_id, name, nameBn, bbsCode) VALUES ('343', '46', '5', 'KALAI', 'কালাই', '58');
INSERT INTO districts (id, division_id, bbsCode, name, nameBn) VALUES ('47', '5', '64', 'NAOGAON', 'নওগাঁ ');
INSERT INTO thanas (id, district_id, division_id, name, nameBn, bbsCode) VALUES ('364', '47', '5', 'ATRAI', 'আত্রাই', '03');
INSERT INTO thanas (id, district_id, division_id, name, nameBn, bbsCode) VALUES ('365', '47', '5', 'BADALGACHHI', 'বদলগাছী', '06');
INSERT INTO thanas (id, district_id, division_id, name, nameBn, bbsCode) VALUES ('366', '47', '5', 'DHAMOIRHAT', 'ধামুইরহাট', '28');
INSERT INTO thanas (id, district_id, division_id, name, nameBn, bbsCode) VALUES ('367', '47', '5', 'MANDA', 'মান্দা', '47');
INSERT INTO thanas (id, district_id, division_id, name, nameBn, bbsCode) VALUES ('368', '47', '5', 'MAHADEBPUR', 'মহাদেবপুর', '50');
INSERT INTO thanas (id, district_id, division_id, name, nameBn, bbsCode) VALUES ('369', '47', '5', 'NAOGAON SADAR', 'নওগাঁ সদর', '60');
INSERT INTO thanas (id, district_id, division_id, name, nameBn, bbsCode) VALUES ('370', '47', '5', 'NIAMATPUR', 'নিয়ামতপুর', '69');
INSERT INTO thanas (id, district_id, division_id, name, nameBn, bbsCode) VALUES ('371', '47', '5', 'PATNITALA', 'পত্নীতলা', '75');
INSERT INTO thanas (id, district_id, division_id, name, nameBn, bbsCode) VALUES ('372', '47', '5', 'PORSHA', 'পোরশা', '79');
INSERT INTO thanas (id, district_id, division_id, name, nameBn, bbsCode) VALUES ('373', '47', '5', 'RANINAGAR', 'রাণীনগর', '85');
INSERT INTO thanas (id, district_id, division_id, name, nameBn, bbsCode) VALUES ('374', '47', '5', 'SAPAHAR', 'সাপাহার', '86');
INSERT INTO upazillas (id, district_id, division_id, name, nameBn, bbsCode) VALUES ('344', '47', '5', 'ATRAI', 'আত্রাই', '03');
INSERT INTO upazillas (id, district_id, division_id, name, nameBn, bbsCode) VALUES ('345', '47', '5', 'DHAMOIRHAT', 'ধামইরহাট', '28');
INSERT INTO upazillas (id, district_id, division_id, name, nameBn, bbsCode) VALUES ('346', '47', '5', 'MANDA', 'মান্দা', '47');
INSERT INTO upazillas (id, district_id, division_id, name, nameBn, bbsCode) VALUES ('347', '47', '5', 'MAHADEBPUR', 'মহাদেবপুর', '50');
INSERT INTO upazillas (id, district_id, division_id, name, nameBn, bbsCode) VALUES ('348', '47', '5', 'NAOGAON SADAR', 'নওগাঁ সদর', '60');
INSERT INTO upazillas (id, district_id, division_id, name, nameBn, bbsCode) VALUES ('349', '47', '5', 'NIAMATPUR', 'নিয়ামতপুর', '69');
INSERT INTO upazillas (id, district_id, division_id, name, nameBn, bbsCode) VALUES ('350', '47', '5', 'PATNITALA', 'পত্নীতলা', '75');
INSERT INTO upazillas (id, district_id, division_id, name, nameBn, bbsCode) VALUES ('351', '47', '5', 'RANINAGAR', 'রাণীনগর', '85');
INSERT INTO upazillas (id, district_id, division_id, name, nameBn, bbsCode) VALUES ('352', '47', '5', 'SAPAHAR', 'সাপাহার', '86');
INSERT INTO upazillas (id, district_id, division_id, name, nameBn, bbsCode) VALUES ('353', '47', '5', 'BODOLGACHI', 'বদলগাছী', '');
INSERT INTO upazillas (id, district_id, division_id, name, nameBn, bbsCode) VALUES ('354', '47', '5', 'PORSHA', 'পোরশা', '');
INSERT INTO districts (id, division_id, bbsCode, name, nameBn) VALUES ('48', '5', '69', 'NATORE', 'নাটোর ');
INSERT INTO thanas (id, district_id, division_id, name, nameBn, bbsCode) VALUES ('389', '48', '5', 'BAGATIPARA', 'বাগাতিপাড়া', '09');
INSERT INTO thanas (id, district_id, division_id, name, nameBn, bbsCode) VALUES ('390', '48', '5', 'BARAIGRAM', 'বড়ইগ্রাম', '15');
INSERT INTO thanas (id, district_id, division_id, name, nameBn, bbsCode) VALUES ('391', '48', '5', 'GURUDASPUR', 'গুরুদাসপুর', '41');
INSERT INTO thanas (id, district_id, division_id, name, nameBn, bbsCode) VALUES ('392', '48', '5', 'LALPUR', 'লালপুর', '44');
INSERT INTO thanas (id, district_id, division_id, name, nameBn, bbsCode) VALUES ('393', '48', '5', 'NALDANGA', '', '55');
INSERT INTO thanas (id, district_id, division_id, name, nameBn, bbsCode) VALUES ('394', '48', '5', 'NATORE SADAR', 'নাটোর সদর', '63');
INSERT INTO thanas (id, district_id, division_id, name, nameBn, bbsCode) VALUES ('395', '48', '5', 'SINGRA', 'সিংড়া', '91');
INSERT INTO upazillas (id, district_id, division_id, name, nameBn, bbsCode) VALUES ('355', '48', '5', 'BAGATIPARA', 'বাগাতিপাড়া', '09');
INSERT INTO upazillas (id, district_id, division_id, name, nameBn, bbsCode) VALUES ('356', '48', '5', 'BARAIGRAM', 'বড়াইগ্রাম', '15');
INSERT INTO upazillas (id, district_id, division_id, name, nameBn, bbsCode) VALUES ('357', '48', '5', 'GURUDASPUR', 'গুরুদাসপুর', '41');
INSERT INTO upazillas (id, district_id, division_id, name, nameBn, bbsCode) VALUES ('358', '48', '5', 'LALPUR', 'লালপুর', '');
INSERT INTO upazillas (id, district_id, division_id, name, nameBn, bbsCode) VALUES ('359', '48', '5', 'NATORE SADAR', 'নাটোর সদর', '63');
INSERT INTO upazillas (id, district_id, division_id, name, nameBn, bbsCode) VALUES ('360', '48', '5', 'SINGRA', 'সিংরা', '91');
INSERT INTO districts (id, division_id, bbsCode, name, nameBn) VALUES ('49', '5', '70', 'CHAPAI NABABGANJ', 'চাঁপাই নাবাবগঞ্জ ');
INSERT INTO thanas (id, district_id, division_id, name, nameBn, bbsCode) VALUES ('396', '49', '5', 'BHOLAHAT', 'ভোলাহাট', '18');
INSERT INTO thanas (id, district_id, division_id, name, nameBn, bbsCode) VALUES ('397', '49', '5', 'GOMASTAPUR', 'গোমস্তাপুর', '37');
INSERT INTO thanas (id, district_id, division_id, name, nameBn, bbsCode) VALUES ('398', '49', '5', 'NACHOLE', 'নাচোল', '56');
INSERT INTO thanas (id, district_id, division_id, name, nameBn, bbsCode) VALUES ('399', '49', '5', 'CHAPAI NABABGANJ SADAR', 'চাঁপাই নবাবগঞ্জ সদর', '66');
INSERT INTO thanas (id, district_id, division_id, name, nameBn, bbsCode) VALUES ('400', '49', '5', 'SHIBGANJ', 'শিবগঞ্জ', '88');
INSERT INTO upazillas (id, district_id, division_id, name, nameBn, bbsCode) VALUES ('361', '49', '5', 'BHOLAHAT', 'ভোলাহাট', '18');
INSERT INTO upazillas (id, district_id, division_id, name, nameBn, bbsCode) VALUES ('362', '49', '5', 'GOMASTAPUR', 'গোমস্তাপুর', '37');
INSERT INTO upazillas (id, district_id, division_id, name, nameBn, bbsCode) VALUES ('363', '49', '5', 'NACHOLE', 'নাচোল', '56');
INSERT INTO upazillas (id, district_id, division_id, name, nameBn, bbsCode) VALUES ('364', '49', '5', 'CHAPAI NABABGANJ SADAR', 'চাঁপাই নাবাবগঞ্জ সদর', '66');
INSERT INTO upazillas (id, district_id, division_id, name, nameBn, bbsCode) VALUES ('365', '49', '5', 'SHIBGANJ', 'শিবগঞ্জ ', '88');
INSERT INTO districts (id, division_id, bbsCode, name, nameBn) VALUES ('50', '5', '76', 'PABNA', 'পাবনা');
INSERT INTO thanas (id, district_id, division_id, name, nameBn, bbsCode) VALUES ('426', '50', '5', 'ATGHARIA', 'আটঘরিয়া', '05');
INSERT INTO thanas (id, district_id, division_id, name, nameBn, bbsCode) VALUES ('427', '50', '5', 'BERA', 'বেড়া', '16');
INSERT INTO thanas (id, district_id, division_id, name, nameBn, bbsCode) VALUES ('428', '50', '5', 'BHANGURA', 'ভাংগুড়া', '19');
INSERT INTO thanas (id, district_id, division_id, name, nameBn, bbsCode) VALUES ('429', '50', '5', 'CHATMOHAR', 'চাট্‌মোহর', '22');
INSERT INTO thanas (id, district_id, division_id, name, nameBn, bbsCode) VALUES ('430', '50', '5', 'FARIDPUR', 'ফরিদপুর', '33');
INSERT INTO thanas (id, district_id, division_id, name, nameBn, bbsCode) VALUES ('431', '50', '5', 'ISHWARDI', 'ঈশ্বরদী', '39');
INSERT INTO thanas (id, district_id, division_id, name, nameBn, bbsCode) VALUES ('432', '50', '5', 'PABNA SADAR', 'পাবনা সদর', '55');
INSERT INTO thanas (id, district_id, division_id, name, nameBn, bbsCode) VALUES ('433', '50', '5', 'SANTHIA', 'সাঁথিয়া', '72');
INSERT INTO thanas (id, district_id, division_id, name, nameBn, bbsCode) VALUES ('434', '50', '5', 'SUJANAGAR', 'সুজানগর', '83');
INSERT INTO upazillas (id, district_id, division_id, name, nameBn, bbsCode) VALUES ('366', '50', '5', 'ATGHARIA', 'আটঘারিয়া', '05');
INSERT INTO upazillas (id, district_id, division_id, name, nameBn, bbsCode) VALUES ('367', '50', '5', 'BERA', 'বেড়া', '16');
INSERT INTO upazillas (id, district_id, division_id, name, nameBn, bbsCode) VALUES ('368', '50', '5', 'BHANGURA', 'ভাঙ্গুরা', '19');
INSERT INTO upazillas (id, district_id, division_id, name, nameBn, bbsCode) VALUES ('369', '50', '5', 'CHATMOHAR', 'চাটমোহর ', '22');
INSERT INTO upazillas (id, district_id, division_id, name, nameBn, bbsCode) VALUES ('370', '50', '5', 'FARIDPUR', 'ফরিদপুর', '33');
INSERT INTO upazillas (id, district_id, division_id, name, nameBn, bbsCode) VALUES ('371', '50', '5', 'ISHWARDI', 'ঈশ্বরদী ', '39');
INSERT INTO upazillas (id, district_id, division_id, name, nameBn, bbsCode) VALUES ('372', '50', '5', 'PABNA SADAR', 'পাবনা সদর', '55');
INSERT INTO upazillas (id, district_id, division_id, name, nameBn, bbsCode) VALUES ('373', '50', '5', 'SANTHIA', 'সাঁথিয়া', '72');
INSERT INTO upazillas (id, district_id, division_id, name, nameBn, bbsCode) VALUES ('374', '50', '5', 'SUJANAGAR', 'সুজানগর', '83');
INSERT INTO districts (id, division_id, bbsCode, name, nameBn) VALUES ('51', '5', '81', 'RAJSHAHI', 'রাজশাহী ');
INSERT INTO thanas (id, district_id, division_id, name, nameBn, bbsCode) VALUES ('455', '51', '5', 'BAGHA', 'বাঘা', '10');
INSERT INTO thanas (id, district_id, division_id, name, nameBn, bbsCode) VALUES ('456', '51', '5', 'BAGHMARA', 'বাগমারা', '12');
INSERT INTO thanas (id, district_id, division_id, name, nameBn, bbsCode) VALUES ('457', '51', '5', 'BOALIA', 'বোয়ালিয়া', '22');
INSERT INTO thanas (id, district_id, division_id, name, nameBn, bbsCode) VALUES ('458', '51', '5', 'CHARGHAT', 'চারঘাট', '25');
INSERT INTO thanas (id, district_id, division_id, name, nameBn, bbsCode) VALUES ('459', '51', '5', 'DURGAPUR', 'দূর্গাপুর', '31');
INSERT INTO thanas (id, district_id, division_id, name, nameBn, bbsCode) VALUES ('460', '51', '5', 'GODAGARI', 'গোদাগাড়ী', '34');
INSERT INTO thanas (id, district_id, division_id, name, nameBn, bbsCode) VALUES ('461', '51', '5', 'MATIHAR', 'মতিহার', '40');
INSERT INTO thanas (id, district_id, division_id, name, nameBn, bbsCode) VALUES ('462', '51', '5', 'MOHANPUR', 'মোহনপুর', '53');
INSERT INTO thanas (id, district_id, division_id, name, nameBn, bbsCode) VALUES ('463', '51', '5', 'PABA', 'পবা', '72');
INSERT INTO thanas (id, district_id, division_id, name, nameBn, bbsCode) VALUES ('464', '51', '5', 'PUTHIA', 'পুঠিয়া', '82');
INSERT INTO thanas (id, district_id, division_id, name, nameBn, bbsCode) VALUES ('465', '51', '5', 'RAJPARA', 'রাজপাড়া', '85');
INSERT INTO thanas (id, district_id, division_id, name, nameBn, bbsCode) VALUES ('466', '51', '5', 'SHAH MAKHDUM', 'শাহ্‌ মখদুম', '90');
INSERT INTO thanas (id, district_id, division_id, name, nameBn, bbsCode) VALUES ('467', '51', '5', 'TANORE', 'তানোর', '94');
INSERT INTO city_corporations (id, district_id, division_id, name, nameBn, bbsCode) VALUES ('9', '51', '5', 'RAJSHAHI CITY CORP.', 'রাজশাহী সিটি কর্পোরেশন', '66');
INSERT INTO upazillas (id, district_id, division_id, name, nameBn, bbsCode) VALUES ('375', '51', '5', 'BAGHA', 'বাঘা', '10');
INSERT INTO upazillas (id, district_id, division_id, name, nameBn, bbsCode) VALUES ('376', '51', '5', 'BAGHMARA', 'বাগমারা', '12');
INSERT INTO upazillas (id, district_id, division_id, name, nameBn, bbsCode) VALUES ('377', '51', '5', 'CHARGHAT', 'চারঘাট ', '25');
INSERT INTO upazillas (id, district_id, division_id, name, nameBn, bbsCode) VALUES ('378', '51', '5', 'DURGAPUR', 'দুর্গাপুর ', '31');
INSERT INTO upazillas (id, district_id, division_id, name, nameBn, bbsCode) VALUES ('379', '51', '5', 'GODAGARI', 'গোদাগাড়ী ', '34');
INSERT INTO upazillas (id, district_id, division_id, name, nameBn, bbsCode) VALUES ('380', '51', '5', 'MOHANPUR', 'মোহনপুর', '53');
INSERT INTO upazillas (id, district_id, division_id, name, nameBn, bbsCode) VALUES ('381', '51', '5', 'PABA', 'পবা', '72');
INSERT INTO upazillas (id, district_id, division_id, name, nameBn, bbsCode) VALUES ('382', '51', '5', 'PUTHIA', 'পুথিয়া', '82');
INSERT INTO upazillas (id, district_id, division_id, name, nameBn, bbsCode) VALUES ('383', '51', '5', 'TANORE', 'তানোর', '94');
INSERT INTO districts (id, division_id, bbsCode, name, nameBn) VALUES ('52', '5', '88', 'SIRAJGANJ', 'সিরাজগঞ্জ');
INSERT INTO thanas (id, district_id, division_id, name, nameBn, bbsCode) VALUES ('504', '52', '5', 'BELKUCHI', 'বেলকুচি', '11');
INSERT INTO thanas (id, district_id, division_id, name, nameBn, bbsCode) VALUES ('505', '52', '5', 'CHAUHALI', 'চৌহালী', '27');
INSERT INTO thanas (id, district_id, division_id, name, nameBn, bbsCode) VALUES ('506', '52', '5', 'KAMARKHANDA', 'কামারখন্দ', '44');
INSERT INTO thanas (id, district_id, division_id, name, nameBn, bbsCode) VALUES ('507', '52', '5', 'KAZIPUR', 'কাজীপুর', '50');
INSERT INTO thanas (id, district_id, division_id, name, nameBn, bbsCode) VALUES ('508', '52', '5', 'ROYGANJ', 'রায়গঞ্জ', '61');
INSERT INTO thanas (id, district_id, division_id, name, nameBn, bbsCode) VALUES ('509', '52', '5', 'SHAHJADPUR', 'শাহাজাদপুর', '67');
INSERT INTO thanas (id, district_id, division_id, name, nameBn, bbsCode) VALUES ('510', '52', '5', 'SIRAJGANJ SADAR', 'সিরাজগঞ্জ সদর', '78');
INSERT INTO thanas (id, district_id, division_id, name, nameBn, bbsCode) VALUES ('511', '52', '5', 'TARASH', 'তাড়াশ', '89');
INSERT INTO thanas (id, district_id, division_id, name, nameBn, bbsCode) VALUES ('512', '52', '5', 'ULLAH PARA', 'উল্লা পাড়া', '94');
INSERT INTO upazillas (id, district_id, division_id, name, nameBn, bbsCode) VALUES ('384', '52', '5', 'BELKUCHI', 'বেলকুচি ', '11');
INSERT INTO upazillas (id, district_id, division_id, name, nameBn, bbsCode) VALUES ('385', '52', '5', 'CHAUHALI', 'চৌহালি', '27');
INSERT INTO upazillas (id, district_id, division_id, name, nameBn, bbsCode) VALUES ('386', '52', '5', 'KAMARKHANDA', 'কামারখন্দ', '44');
INSERT INTO upazillas (id, district_id, division_id, name, nameBn, bbsCode) VALUES ('387', '52', '5', 'KAZIPUR', 'কাজিপুর', '50');
INSERT INTO upazillas (id, district_id, division_id, name, nameBn, bbsCode) VALUES ('388', '52', '5', 'ROYGANJ', 'রাইগঞ্জ', '61');
INSERT INTO upazillas (id, district_id, division_id, name, nameBn, bbsCode) VALUES ('389', '52', '5', 'SHAHJADPUR', 'শাহজাদপুর', '67');
INSERT INTO upazillas (id, district_id, division_id, name, nameBn, bbsCode) VALUES ('390', '52', '5', 'SIRAJGANJ SADAR', 'সিরাজগঞ্জ সদর', '78');
INSERT INTO upazillas (id, district_id, division_id, name, nameBn, bbsCode) VALUES ('391', '52', '5', 'TARASH', 'তারাশ', '89');
INSERT INTO upazillas (id, district_id, division_id, name, nameBn, bbsCode) VALUES ('392', '52', '5', 'ULLAH PARA', 'উল্লাহ পারা', '94');
INSERT INTO divisions (id, bbsCode, name, nameBn) VALUES ('6', '55', 'Rangpur', 'রংপুর');
INSERT INTO districts (id, division_id, bbsCode, name, nameBn) VALUES ('53', '6', '27', 'DINAJPUR', 'দিনাজপুর ');
INSERT INTO thanas (id, district_id, division_id, name, nameBn, bbsCode) VALUES ('177', '53', '6', 'BIRAMPUR', 'বিরামপুর', '10');
INSERT INTO thanas (id, district_id, division_id, name, nameBn, bbsCode) VALUES ('178', '53', '6', 'BIRGANJ', 'বীরগঞ্জ', '12');
INSERT INTO thanas (id, district_id, division_id, name, nameBn, bbsCode) VALUES ('179', '53', '6', 'BIRAL', 'বিরল', '17');
INSERT INTO thanas (id, district_id, division_id, name, nameBn, bbsCode) VALUES ('180', '53', '6', 'BOCHAGANJ', 'বোচাগঞ্জ', '21');
INSERT INTO thanas (id, district_id, division_id, name, nameBn, bbsCode) VALUES ('181', '53', '6', 'CHIRIRBANDAR', 'চিরিরবন্দর', '30');
INSERT INTO thanas (id, district_id, division_id, name, nameBn, bbsCode) VALUES ('182', '53', '6', 'FULBARI', 'ফুলবাড়ী', '38');
INSERT INTO thanas (id, district_id, division_id, name, nameBn, bbsCode) VALUES ('183', '53', '6', 'GHORAGHAT', 'ঘোড়াঘাট', '43');
INSERT INTO thanas (id, district_id, division_id, name, nameBn, bbsCode) VALUES ('184', '53', '6', 'HAKIMPUR', 'হাকিমপুর', '47');
INSERT INTO thanas (id, district_id, division_id, name, nameBn, bbsCode) VALUES ('185', '53', '6', 'KAHAROLE', 'কাহারোল', '56');
INSERT INTO thanas (id, district_id, division_id, name, nameBn, bbsCode) VALUES ('186', '53', '6', 'KHANSAMA', 'খান্‌সামা', '60');
INSERT INTO thanas (id, district_id, division_id, name, nameBn, bbsCode) VALUES ('187', '53', '6', 'DINAJPUR SADAR', 'দিনাজপুর সদর', '64');
INSERT INTO thanas (id, district_id, division_id, name, nameBn, bbsCode) VALUES ('188', '53', '6', 'NAWABGANJ', 'নবাবগঞ্জ', '69');
INSERT INTO thanas (id, district_id, division_id, name, nameBn, bbsCode) VALUES ('189', '53', '6', 'PARBATIPUR', 'পার্বতীপুর', '77');
INSERT INTO upazillas (id, district_id, division_id, name, nameBn, bbsCode) VALUES ('393', '53', '6', 'BIRAMPUR', 'বিরামপুর ', '10');
INSERT INTO upazillas (id, district_id, division_id, name, nameBn, bbsCode) VALUES ('394', '53', '6', 'BIRGANJ', 'বীরগঞ্জ', '12');
INSERT INTO upazillas (id, district_id, division_id, name, nameBn, bbsCode) VALUES ('395', '53', '6', 'BIRAL', 'বিরল', '17');
INSERT INTO upazillas (id, district_id, division_id, name, nameBn, bbsCode) VALUES ('396', '53', '6', 'BOCHAGANJ', 'বোচাগঞ্জ', '21');
INSERT INTO upazillas (id, district_id, division_id, name, nameBn, bbsCode) VALUES ('397', '53', '6', 'CHIRIRBANDAR', 'চিরিরবন্দর', '30');
INSERT INTO upazillas (id, district_id, division_id, name, nameBn, bbsCode) VALUES ('398', '53', '6', 'FULBARI', 'ফুলবাড়ী', '38');
INSERT INTO upazillas (id, district_id, division_id, name, nameBn, bbsCode) VALUES ('399', '53', '6', 'GHORAGHAT', 'ঘোড়াঘাট', '43');
INSERT INTO upazillas (id, district_id, division_id, name, nameBn, bbsCode) VALUES ('400', '53', '6', 'HAKIMPUR', 'হাকিমপুর', '47');
INSERT INTO upazillas (id, district_id, division_id, name, nameBn, bbsCode) VALUES ('401', '53', '6', 'KAHAROLE', 'কাহারোল', '56');
INSERT INTO upazillas (id, district_id, division_id, name, nameBn, bbsCode) VALUES ('402', '53', '6', 'KHANSAMA', 'খানসামা', '60');
INSERT INTO upazillas (id, district_id, division_id, name, nameBn, bbsCode) VALUES ('403', '53', '6', 'NAWABGANJ', 'নবাবগঞ্জ', '69');
INSERT INTO upazillas (id, district_id, division_id, name, nameBn, bbsCode) VALUES ('404', '53', '6', 'PARBATIPUR', 'পার্বতীপুর', '77');
INSERT INTO upazillas (id, district_id, division_id, name, nameBn, bbsCode) VALUES ('405', '53', '6', 'DINAJPUR SADAR', 'দিনাজপুর সদর', '64');
INSERT INTO districts (id, division_id, bbsCode, name, nameBn) VALUES ('54', '6', '32', 'GAIBANDHA', 'গাইবান্ধা ');
INSERT INTO thanas (id, district_id, division_id, name, nameBn, bbsCode) VALUES ('205', '54', '6', 'FULCHHARI', 'ফুলছড়ি', '21');
INSERT INTO thanas (id, district_id, division_id, name, nameBn, bbsCode) VALUES ('206', '54', '6', 'GAIBANDHA SADAR', 'গাইবান্ধা সদর', '24');
INSERT INTO thanas (id, district_id, division_id, name, nameBn, bbsCode) VALUES ('207', '54', '6', 'GOBINDAGANJ', 'গোবিন্দগঞ্জ', '30');
INSERT INTO thanas (id, district_id, division_id, name, nameBn, bbsCode) VALUES ('208', '54', '6', 'PALASHBARI', 'পলাশবাড়ী', '67');
INSERT INTO thanas (id, district_id, division_id, name, nameBn, bbsCode) VALUES ('209', '54', '6', 'SADULLAPUR', 'সাদুল্লাপুর', '82');
INSERT INTO thanas (id, district_id, division_id, name, nameBn, bbsCode) VALUES ('210', '54', '6', 'SAGHATA', 'সাঘাটা', '88');
INSERT INTO thanas (id, district_id, division_id, name, nameBn, bbsCode) VALUES ('211', '54', '6', 'SUNDARGANJ', 'সুন্দরগঞ্জ', '91');
INSERT INTO upazillas (id, district_id, division_id, name, nameBn, bbsCode) VALUES ('406', '54', '6', 'FULCHHARI', 'ফুলছড়ি', '21');
INSERT INTO upazillas (id, district_id, division_id, name, nameBn, bbsCode) VALUES ('407', '54', '6', 'GAIBANDHA SADAR', 'গাইবান্ধা সদর', '24');
INSERT INTO upazillas (id, district_id, division_id, name, nameBn, bbsCode) VALUES ('408', '54', '6', 'GOBINDAGANJ', 'গোবিন্দগঞ্জ', '30');
INSERT INTO upazillas (id, district_id, division_id, name, nameBn, bbsCode) VALUES ('409', '54', '6', 'PALASHBARI', 'পলাশবাড়ী', '67');
INSERT INTO upazillas (id, district_id, division_id, name, nameBn, bbsCode) VALUES ('410', '54', '6', 'SADULLAPUR', 'সাদুল্লাপুর', '82');
INSERT INTO upazillas (id, district_id, division_id, name, nameBn, bbsCode) VALUES ('411', '54', '6', 'SAGHATA', 'সাঘাটা', '88');
INSERT INTO upazillas (id, district_id, division_id, name, nameBn, bbsCode) VALUES ('412', '54', '6', 'SUNDARGANJ', 'সুন্দরগঞ্জ', '91');
INSERT INTO districts (id, division_id, bbsCode, name, nameBn) VALUES ('55', '6', '49', 'KURIGRAM', 'কুড়িগ্রাম ');
INSERT INTO thanas (id, district_id, division_id, name, nameBn, bbsCode) VALUES ('295', '55', '6', 'BHURUNGAMARI', 'ভুরুংগামারী', '06');
INSERT INTO thanas (id, district_id, division_id, name, nameBn, bbsCode) VALUES ('296', '55', '6', 'CHAR RAJIBPUR', 'রাজিবপুর', '08');
INSERT INTO thanas (id, district_id, division_id, name, nameBn, bbsCode) VALUES ('297', '55', '6', 'CHILMARI', 'চিলমারী', '09');
INSERT INTO thanas (id, district_id, division_id, name, nameBn, bbsCode) VALUES ('298', '55', '6', 'PHULBARI', 'ফুলবাড়ী', '18');
INSERT INTO thanas (id, district_id, division_id, name, nameBn, bbsCode) VALUES ('299', '55', '6', 'KURIGRAM SADAR', 'কুড়িগ্রাম সদর', '52');
INSERT INTO thanas (id, district_id, division_id, name, nameBn, bbsCode) VALUES ('300', '55', '6', 'NAGESHWARI', 'নাগেশ্বরী', '61');
INSERT INTO thanas (id, district_id, division_id, name, nameBn, bbsCode) VALUES ('301', '55', '6', 'RAJARHAT', 'রাজারহাট', '77');
INSERT INTO thanas (id, district_id, division_id, name, nameBn, bbsCode) VALUES ('302', '55', '6', 'RAUMARI', 'রৌমারী', '79');
INSERT INTO thanas (id, district_id, division_id, name, nameBn, bbsCode) VALUES ('303', '55', '6', 'ULIPUR', 'উলিপুর', '94');
INSERT INTO upazillas (id, district_id, division_id, name, nameBn, bbsCode) VALUES ('413', '55', '6', 'BHURUNGAMARI', 'ভুরুঙ্গামারী', '6');
INSERT INTO upazillas (id, district_id, division_id, name, nameBn, bbsCode) VALUES ('414', '55', '6', 'CHAR RAJIBPUR', 'চর রাজিবপুর', '8');
INSERT INTO upazillas (id, district_id, division_id, name, nameBn, bbsCode) VALUES ('415', '55', '6', 'CHILMARI', 'চিলমারী ', '9');
INSERT INTO upazillas (id, district_id, division_id, name, nameBn, bbsCode) VALUES ('416', '55', '6', 'PHULBARI', 'ফুলবাড়ী', '18');
INSERT INTO upazillas (id, district_id, division_id, name, nameBn, bbsCode) VALUES ('417', '55', '6', 'KURIGRAM SADAR', 'কুড়িগ্রাম সদর', '52');
INSERT INTO upazillas (id, district_id, division_id, name, nameBn, bbsCode) VALUES ('418', '55', '6', 'NAGESHWARI', 'নাগেশ্বরী', '61');
INSERT INTO upazillas (id, district_id, division_id, name, nameBn, bbsCode) VALUES ('419', '55', '6', 'RAJARHAT', 'রাজারহাট', '77');
INSERT INTO upazillas (id, district_id, division_id, name, nameBn, bbsCode) VALUES ('420', '55', '6', 'RAUMARI', 'রৌমারী', '79');
INSERT INTO upazillas (id, district_id, division_id, name, nameBn, bbsCode) VALUES ('421', '55', '6', 'ULIPUR', 'উলিপুর', '94');
INSERT INTO districts (id, division_id, bbsCode, name, nameBn) VALUES ('56', '6', '52', 'LALMONIRHAT', 'লালমনিরহাট ');
INSERT INTO thanas (id, district_id, division_id, name, nameBn, bbsCode) VALUES ('315', '56', '6', 'ADITMARI', 'আদিতমারী', '02');
INSERT INTO thanas (id, district_id, division_id, name, nameBn, bbsCode) VALUES ('316', '56', '6', 'HATIBANDHA', 'হাতীবান্ধা', '33');
INSERT INTO thanas (id, district_id, division_id, name, nameBn, bbsCode) VALUES ('317', '56', '6', 'KALIGANJ', 'কালীগঞ্জ', '39');
INSERT INTO thanas (id, district_id, division_id, name, nameBn, bbsCode) VALUES ('318', '56', '6', 'LALMONIRHAT SADAR', 'লালমনিরহাট সদর', '55');
INSERT INTO thanas (id, district_id, division_id, name, nameBn, bbsCode) VALUES ('319', '56', '6', 'PATGRAM', 'পাটগ্রাম', '70');
INSERT INTO upazillas (id, district_id, division_id, name, nameBn, bbsCode) VALUES ('422', '56', '6', 'ADITMARI', 'আদিতমারী', '2');
INSERT INTO upazillas (id, district_id, division_id, name, nameBn, bbsCode) VALUES ('423', '56', '6', 'HATIBANDHA', 'হাতীবান্ধা', '33');
INSERT INTO upazillas (id, district_id, division_id, name, nameBn, bbsCode) VALUES ('424', '56', '6', 'KALIGANJ', 'কালীগঞ্জ', '39');
INSERT INTO upazillas (id, district_id, division_id, name, nameBn, bbsCode) VALUES ('425', '56', '6', 'LALMONIRHAT SADAR', 'লালমনিরহাট সদর', '55');
INSERT INTO upazillas (id, district_id, division_id, name, nameBn, bbsCode) VALUES ('426', '56', '6', 'PATGRAM', 'পাটগ্রাম', '70');
INSERT INTO districts (id, division_id, bbsCode, name, nameBn) VALUES ('57', '6', '73', 'NILPHAMARI', 'নীলফামারী');
INSERT INTO thanas (id, district_id, division_id, name, nameBn, bbsCode) VALUES ('411', '57', '6', 'DIMLA', 'ডিমলা', '12');
INSERT INTO thanas (id, district_id, division_id, name, nameBn, bbsCode) VALUES ('412', '57', '6', 'DOMAR UPAZILA', 'ডোমার', '15');
INSERT INTO thanas (id, district_id, division_id, name, nameBn, bbsCode) VALUES ('413', '57', '6', 'JALDHAKA', 'জলঢাকা', '36');
INSERT INTO thanas (id, district_id, division_id, name, nameBn, bbsCode) VALUES ('414', '57', '6', 'KISHOREGANJ', 'কিশোরগঞ্জ', '45');
INSERT INTO thanas (id, district_id, division_id, name, nameBn, bbsCode) VALUES ('415', '57', '6', 'NILPHAMARI SADAR', 'নীলফামারী সদর', '64');
INSERT INTO thanas (id, district_id, division_id, name, nameBn, bbsCode) VALUES ('416', '57', '6', 'SAIDPUR UPAZILA', 'সৈয়দপুর', '85');
INSERT INTO upazillas (id, district_id, division_id, name, nameBn, bbsCode) VALUES ('427', '57', '6', 'DOMAR UPAZILA', 'ডোমার উপজেলা', '15');
INSERT INTO upazillas (id, district_id, division_id, name, nameBn, bbsCode) VALUES ('428', '57', '6', 'JALDHAKA', 'জলঢাকা', '36');
INSERT INTO upazillas (id, district_id, division_id, name, nameBn, bbsCode) VALUES ('429', '57', '6', 'KISHOREGANJ', 'কিশোরগঞ্জ', '45');
INSERT INTO upazillas (id, district_id, division_id, name, nameBn, bbsCode) VALUES ('430', '57', '6', 'NILPHAMARI SADAR', 'নীলফামারী সদর', '64');
INSERT INTO upazillas (id, district_id, division_id, name, nameBn, bbsCode) VALUES ('431', '57', '6', 'SAIDPUR UPAZILA', 'সৈয়দপুর উপজেলা', '85');
INSERT INTO upazillas (id, district_id, division_id, name, nameBn, bbsCode) VALUES ('432', '57', '6', 'DIMLA', 'ডিমলা', '12');
INSERT INTO districts (id, division_id, bbsCode, name, nameBn) VALUES ('58', '6', '77', 'PANCHAGARH', 'পঞ্চগড় ');
INSERT INTO thanas (id, district_id, division_id, name, nameBn, bbsCode) VALUES ('435', '58', '6', 'ATWARI', 'আটোয়ারী', '04');
INSERT INTO thanas (id, district_id, division_id, name, nameBn, bbsCode) VALUES ('436', '58', '6', 'BODA', 'বোদা', '25');
INSERT INTO thanas (id, district_id, division_id, name, nameBn, bbsCode) VALUES ('437', '58', '6', 'DEBIGANJ', 'দেবীগঞ্জ', '34');
INSERT INTO thanas (id, district_id, division_id, name, nameBn, bbsCode) VALUES ('438', '58', '6', 'PANCHAGARH SADAR', 'পঞ্চগড় সদর', '73');
INSERT INTO thanas (id, district_id, division_id, name, nameBn, bbsCode) VALUES ('439', '58', '6', 'TENTULIA', 'তেঁতুলিয়া', '90');
INSERT INTO upazillas (id, district_id, division_id, name, nameBn, bbsCode) VALUES ('433', '58', '6', 'ATWARI', 'আটোয়ারী', '4');
INSERT INTO upazillas (id, district_id, division_id, name, nameBn, bbsCode) VALUES ('434', '58', '6', 'BODA', 'বোদা', '25');
INSERT INTO upazillas (id, district_id, division_id, name, nameBn, bbsCode) VALUES ('435', '58', '6', 'DEBIGANJ', 'দেবীগঞ্জ', '34');
INSERT INTO upazillas (id, district_id, division_id, name, nameBn, bbsCode) VALUES ('436', '58', '6', 'PANCHAGARH SADAR', 'পঞ্চগড় সদর', '73');
INSERT INTO upazillas (id, district_id, division_id, name, nameBn, bbsCode) VALUES ('437', '58', '6', 'TENTULIA', 'তেতুলিয়া', '90');
INSERT INTO districts (id, division_id, bbsCode, name, nameBn) VALUES ('59', '6', '85', 'RANGPUR', 'রংপুর ');
INSERT INTO thanas (id, district_id, division_id, name, nameBn, bbsCode) VALUES ('483', '59', '6', 'BADARGANJ', 'বদরগঞ্জ', '03');
INSERT INTO thanas (id, district_id, division_id, name, nameBn, bbsCode) VALUES ('484', '59', '6', 'GANGACHARA', 'গংগাচড়া', '27');
INSERT INTO thanas (id, district_id, division_id, name, nameBn, bbsCode) VALUES ('485', '59', '6', 'KAUNIA', 'কাউনিয়া', '42');
INSERT INTO thanas (id, district_id, division_id, name, nameBn, bbsCode) VALUES ('486', '59', '6', 'RANGPUR SADAR', 'রংপুর সদর', '49');
INSERT INTO thanas (id, district_id, division_id, name, nameBn, bbsCode) VALUES ('487', '59', '6', 'MITHA PUKUR', 'মিঠাপুকুর', '58');
INSERT INTO thanas (id, district_id, division_id, name, nameBn, bbsCode) VALUES ('488', '59', '6', 'PIRGACHHA', 'পীরগাছা', '73');
INSERT INTO thanas (id, district_id, division_id, name, nameBn, bbsCode) VALUES ('489', '59', '6', 'PIRGANJ', 'পীরগঞ্জ', '76');
INSERT INTO thanas (id, district_id, division_id, name, nameBn, bbsCode) VALUES ('490', '59', '6', 'TARAGANJ', 'তারাগঞ্জ', '92');
INSERT INTO city_corporations (id, district_id, division_id, name, nameBn, bbsCode) VALUES ('10', '59', '6', 'RANGPUR CITY CORPORATION', 'রংপুর সিটি কর্পোরেশন', '75');
INSERT INTO upazillas (id, district_id, division_id, name, nameBn, bbsCode) VALUES ('438', '59', '6', 'BADARGANJ', 'বদরগঞ্জ', '3');
INSERT INTO upazillas (id, district_id, division_id, name, nameBn, bbsCode) VALUES ('439', '59', '6', 'KAUNIA', 'কাউনিয়া', '42');
INSERT INTO upazillas (id, district_id, division_id, name, nameBn, bbsCode) VALUES ('440', '59', '6', 'RANGPUR SADAR', 'রংপুর সদর', '49');
INSERT INTO upazillas (id, district_id, division_id, name, nameBn, bbsCode) VALUES ('441', '59', '6', 'MITHA PUKUR', 'মিঠাপুকুর', '58');
INSERT INTO upazillas (id, district_id, division_id, name, nameBn, bbsCode) VALUES ('442', '59', '6', 'PIRGACHHA', 'পীরগাছা', '73');
INSERT INTO upazillas (id, district_id, division_id, name, nameBn, bbsCode) VALUES ('443', '59', '6', 'PIRGANJ', 'পীরগঞ্জ ', '76');
INSERT INTO upazillas (id, district_id, division_id, name, nameBn, bbsCode) VALUES ('444', '59', '6', 'TARAGANJ', 'তারাগঞ্জ', '92');
INSERT INTO upazillas (id, district_id, division_id, name, nameBn, bbsCode) VALUES ('445', '59', '6', 'GANGAHORA', 'গঙ্গাচড়া', '');
INSERT INTO districts (id, division_id, bbsCode, name, nameBn) VALUES ('60', '6', '94', 'THAKURGAON', 'ঠাকুরগাঁও');
INSERT INTO thanas (id, district_id, division_id, name, nameBn, bbsCode) VALUES ('553', '60', '6', 'BALIADANGI', 'বালিয়াডাংগী', '08');
INSERT INTO thanas (id, district_id, division_id, name, nameBn, bbsCode) VALUES ('554', '60', '6', 'HARIPUR', 'হরিপুর', '51');
INSERT INTO thanas (id, district_id, division_id, name, nameBn, bbsCode) VALUES ('555', '60', '6', 'PIRGANJ', 'পীরগঞ্জ', '82');
INSERT INTO thanas (id, district_id, division_id, name, nameBn, bbsCode) VALUES ('556', '60', '6', 'RANISANKAIL', 'রানীশংকাইল', '86');
INSERT INTO thanas (id, district_id, division_id, name, nameBn, bbsCode) VALUES ('557', '60', '6', 'THAKURGAON SADAR', 'ঠাকুরগাঁও সদর', '94');
INSERT INTO upazillas (id, district_id, division_id, name, nameBn, bbsCode) VALUES ('446', '60', '6', 'BALIADANGI', 'বালিয়াডাঙ্গী', '8');
INSERT INTO upazillas (id, district_id, division_id, name, nameBn, bbsCode) VALUES ('447', '60', '6', 'HARIPUR', 'হরিপুর', '51');
INSERT INTO upazillas (id, district_id, division_id, name, nameBn, bbsCode) VALUES ('448', '60', '6', 'PIRGANJ', 'পীরগঞ্জ', '82');
INSERT INTO upazillas (id, district_id, division_id, name, nameBn, bbsCode) VALUES ('449', '60', '6', 'RANISANKAIL', 'রাণীশংকৈল', '86');
INSERT INTO upazillas (id, district_id, division_id, name, nameBn, bbsCode) VALUES ('450', '60', '6', 'THAKURGAON SADAR', 'ঠাকুরগাঁও সদর', '94');
INSERT INTO divisions (id, bbsCode, name, nameBn) VALUES ('7', '60', 'Sylhet', 'সিলেট');
INSERT INTO districts (id, division_id, bbsCode, name, nameBn) VALUES ('61', '7', '36', 'HABIGANJ', 'হবিগঞ্জ ');
INSERT INTO thanas (id, district_id, division_id, name, nameBn, bbsCode) VALUES ('222', '61', '7', 'AJMIRIGANJ', 'আজমিরিগঞ্জ', '02');
INSERT INTO thanas (id, district_id, division_id, name, nameBn, bbsCode) VALUES ('223', '61', '7', 'BAHUBAL', 'বাহুবল', '05');
INSERT INTO thanas (id, district_id, division_id, name, nameBn, bbsCode) VALUES ('224', '61', '7', 'BANIACHONG', 'বানিয়াচং', '11');
INSERT INTO thanas (id, district_id, division_id, name, nameBn, bbsCode) VALUES ('225', '61', '7', 'CHUNARUGHAT', 'চুনারুঘাট', '26');
INSERT INTO thanas (id, district_id, division_id, name, nameBn, bbsCode) VALUES ('226', '61', '7', 'HABIGANJ SADAR', 'হবিগঞ্জ সদর', '44');
INSERT INTO thanas (id, district_id, division_id, name, nameBn, bbsCode) VALUES ('227', '61', '7', 'LAKHAI', 'লাখাই', '68');
INSERT INTO thanas (id, district_id, division_id, name, nameBn, bbsCode) VALUES ('228', '61', '7', 'MADHABPUR', 'মাধবপুর', '71');
INSERT INTO thanas (id, district_id, division_id, name, nameBn, bbsCode) VALUES ('229', '61', '7', 'NABIGANJ', 'নবীগঞ্জ', '77');
INSERT INTO upazillas (id, district_id, division_id, name, nameBn, bbsCode) VALUES ('451', '61', '7', 'AJMIRIGANJ', 'আজমিরীগঞ্জ', '44');
INSERT INTO upazillas (id, district_id, division_id, name, nameBn, bbsCode) VALUES ('452', '61', '7', 'BAHUBAL', 'বাহুবল ', '5');
INSERT INTO upazillas (id, district_id, division_id, name, nameBn, bbsCode) VALUES ('453', '61', '7', 'BANIACHONG', 'বানিয়াচং ', '11');
INSERT INTO upazillas (id, district_id, division_id, name, nameBn, bbsCode) VALUES ('454', '61', '7', 'CHUNARUGHAT', 'চুনারুঘাট ', '26');
INSERT INTO upazillas (id, district_id, division_id, name, nameBn, bbsCode) VALUES ('455', '61', '7', 'HABIGANJ SADAR', 'হবিগঞ্জ সদর ', '44');
INSERT INTO upazillas (id, district_id, division_id, name, nameBn, bbsCode) VALUES ('456', '61', '7', 'LAKHAI', 'লাখাই ', '68');
INSERT INTO upazillas (id, district_id, division_id, name, nameBn, bbsCode) VALUES ('457', '61', '7', 'MADHABPUR', 'মাধবপুর ', '71');
INSERT INTO upazillas (id, district_id, division_id, name, nameBn, bbsCode) VALUES ('458', '61', '7', 'NABIGANJ', 'নবীগঞ্জ ', '77');
INSERT INTO upazillas (id, district_id, division_id, name, nameBn, bbsCode) VALUES ('493', '61', '7', 'SHAYESTAGANJ', 'শায়েস্তাগঞ্জ', '44');
INSERT INTO districts (id, division_id, bbsCode, name, nameBn) VALUES ('62', '7', '58', 'MAULVIBAZAR', 'মৌলভীবাজার ');
INSERT INTO thanas (id, district_id, division_id, name, nameBn, bbsCode) VALUES ('338', '62', '7', 'BARLEKHA', 'বড়লেখা', '14');
INSERT INTO thanas (id, district_id, division_id, name, nameBn, bbsCode) VALUES ('339', '62', '7', 'JURI', 'জুড়ী', '35');
INSERT INTO thanas (id, district_id, division_id, name, nameBn, bbsCode) VALUES ('340', '62', '7', 'KAMALGANJ', 'কমলগঞ্জ', '56');
INSERT INTO thanas (id, district_id, division_id, name, nameBn, bbsCode) VALUES ('341', '62', '7', 'KULAURA', 'কুলাউড়া', '65');
INSERT INTO thanas (id, district_id, division_id, name, nameBn, bbsCode) VALUES ('342', '62', '7', 'MAULVIBAZAR SADAR', 'মৌলভীবাজার সদর', '74');
INSERT INTO thanas (id, district_id, division_id, name, nameBn, bbsCode) VALUES ('343', '62', '7', 'RAJNAGAR', 'রাজনগর', '80');
INSERT INTO thanas (id, district_id, division_id, name, nameBn, bbsCode) VALUES ('344', '62', '7', 'SREEMANGAL', 'শ্রীমঙ্গল', '83');
INSERT INTO upazillas (id, district_id, division_id, name, nameBn, bbsCode) VALUES ('459', '62', '7', 'BARLEKHA', 'বড়লেখা ', '14');
INSERT INTO upazillas (id, district_id, division_id, name, nameBn, bbsCode) VALUES ('460', '62', '7', 'JURI', 'জুড়ী ', '35');
INSERT INTO upazillas (id, district_id, division_id, name, nameBn, bbsCode) VALUES ('461', '62', '7', 'KAMALGANJ', 'কমলগঞ্জ ', '56');
INSERT INTO upazillas (id, district_id, division_id, name, nameBn, bbsCode) VALUES ('462', '62', '7', 'KULAURA', 'কুলাউড়া ', '65');
INSERT INTO upazillas (id, district_id, division_id, name, nameBn, bbsCode) VALUES ('463', '62', '7', 'MAULVIBAZAR SADAR', 'মৌলভীবাজার সদর ', '74');
INSERT INTO upazillas (id, district_id, division_id, name, nameBn, bbsCode) VALUES ('464', '62', '7', 'RAJNAGAR', 'রাজনগর ', '80');
INSERT INTO upazillas (id, district_id, division_id, name, nameBn, bbsCode) VALUES ('465', '62', '7', 'SREEMANGAL', 'শ্রীমঙ্গল', '83');
INSERT INTO districts (id, division_id, bbsCode, name, nameBn) VALUES ('63', '7', '90', 'SUNAMGANJ', 'সুনামগঞ্জ ');
INSERT INTO thanas (id, district_id, division_id, name, nameBn, bbsCode) VALUES ('518', '63', '7', 'BISHWAMBARPUR', 'বিশ্বম্ভরপুর', '18');
INSERT INTO thanas (id, district_id, division_id, name, nameBn, bbsCode) VALUES ('519', '63', '7', 'CHHATAK', 'ছাতক', '23');
INSERT INTO thanas (id, district_id, division_id, name, nameBn, bbsCode) VALUES ('520', '63', '7', 'DAKSHIN SUNAMGANJ', 'দক্ষিন সুনামগঞ্জ', '27');
INSERT INTO thanas (id, district_id, division_id, name, nameBn, bbsCode) VALUES ('521', '63', '7', 'DERAI', 'দিরাই', '29');
INSERT INTO thanas (id, district_id, division_id, name, nameBn, bbsCode) VALUES ('522', '63', '7', 'DHARAMPASHA', 'ধর্মপাশা', '32');
INSERT INTO thanas (id, district_id, division_id, name, nameBn, bbsCode) VALUES ('523', '63', '7', 'DOWARABAZAR', 'দোয়ারাবাজার', '33');
INSERT INTO thanas (id, district_id, division_id, name, nameBn, bbsCode) VALUES ('524', '63', '7', 'JAGANNATHPUR', 'জগন্নাথপুর', '47');
INSERT INTO thanas (id, district_id, division_id, name, nameBn, bbsCode) VALUES ('525', '63', '7', 'JAMALGANJ', 'জামালগঞ্জ', '50');
INSERT INTO thanas (id, district_id, division_id, name, nameBn, bbsCode) VALUES ('526', '63', '7', 'SULLA', 'শুল্লা', '86');
INSERT INTO thanas (id, district_id, division_id, name, nameBn, bbsCode) VALUES ('527', '63', '7', 'SUNAMGANJ SADAR', 'সুনামগঞ্জ সদর', '89');
INSERT INTO thanas (id, district_id, division_id, name, nameBn, bbsCode) VALUES ('528', '63', '7', 'TAHIRPUR', 'তাহিরপুর', '92');
INSERT INTO upazillas (id, district_id, division_id, name, nameBn, bbsCode) VALUES ('466', '63', '7', 'BISHWAMBARPUR', 'বিশ্বম্ভরপুর ', '18');
INSERT INTO upazillas (id, district_id, division_id, name, nameBn, bbsCode) VALUES ('467', '63', '7', 'CHHATAK', 'ছাতক ', '23');
INSERT INTO upazillas (id, district_id, division_id, name, nameBn, bbsCode) VALUES ('468', '63', '7', 'DERAI', 'দিরাই ', '29');
INSERT INTO upazillas (id, district_id, division_id, name, nameBn, bbsCode) VALUES ('469', '63', '7', 'DHARAMPASHA', 'ধর্মপাশা ', '32');
INSERT INTO upazillas (id, district_id, division_id, name, nameBn, bbsCode) VALUES ('470', '63', '7', 'DOWARABAZAR', 'দোয়ারাবাজার ', '33');
INSERT INTO upazillas (id, district_id, division_id, name, nameBn, bbsCode) VALUES ('471', '63', '7', 'JAGANNATHPUR', 'জগন্নাথপুর ', '47');
INSERT INTO upazillas (id, district_id, division_id, name, nameBn, bbsCode) VALUES ('472', '63', '7', 'JAMALGANJ', 'জামালগঞ্জ ', '50');
INSERT INTO upazillas (id, district_id, division_id, name, nameBn, bbsCode) VALUES ('473', '63', '7', 'SULLA', 'শাল্লা ', '86');
INSERT INTO upazillas (id, district_id, division_id, name, nameBn, bbsCode) VALUES ('474', '63', '7', 'SUNAMGANJ SADAR', 'সুনামগঞ্জ সদর ', '89');
INSERT INTO upazillas (id, district_id, division_id, name, nameBn, bbsCode) VALUES ('475', '63', '7', 'TAHIRPUR', 'তাহিরপুর ', '92');
INSERT INTO upazillas (id, district_id, division_id, name, nameBn, bbsCode) VALUES ('476', '63', '7', 'DAKSHIN  SUNAMGANJ', 'শান্তিগঞ্জ', '27');
INSERT INTO districts (id, division_id, bbsCode, name, nameBn) VALUES ('64', '7', '91', 'SYLHET', 'সিলেট');
INSERT INTO thanas (id, district_id, division_id, name, nameBn, bbsCode) VALUES ('529', '64', '7', 'BALAGANJ', 'বালাগঞ্জ', '08');
INSERT INTO thanas (id, district_id, division_id, name, nameBn, bbsCode) VALUES ('530', '64', '7', 'BEANI BAZAR', 'বিয়ানী বাজার', '17');
INSERT INTO thanas (id, district_id, division_id, name, nameBn, bbsCode) VALUES ('531', '64', '7', 'BISHWANATH', 'বিশ্বনাথ', '20');
INSERT INTO thanas (id, district_id, division_id, name, nameBn, bbsCode) VALUES ('532', '64', '7', 'COMPANIGANJ', 'কোম্পানীগঞ্জ', '27');
INSERT INTO thanas (id, district_id, division_id, name, nameBn, bbsCode) VALUES ('533', '64', '7', 'DAKSHIN SURMA', 'দক্ষিণ সুরমা', '31');
INSERT INTO thanas (id, district_id, division_id, name, nameBn, bbsCode) VALUES ('534', '64', '7', 'FENCHUGANJ', 'ফেঞ্চুগঞ্জ', '35');
INSERT INTO thanas (id, district_id, division_id, name, nameBn, bbsCode) VALUES ('535', '64', '7', 'GOLAPGANJ', 'গোলাপগঞ্জ', '38');
INSERT INTO thanas (id, district_id, division_id, name, nameBn, bbsCode) VALUES ('536', '64', '7', 'GOWAINGHAT', 'গোয়াইনঘাট', '41');
INSERT INTO thanas (id, district_id, division_id, name, nameBn, bbsCode) VALUES ('537', '64', '7', 'JAINTIAPUR', 'জৈন্তাপুর', '53');
INSERT INTO thanas (id, district_id, division_id, name, nameBn, bbsCode) VALUES ('538', '64', '7', 'KANAIGHAT', 'কানাইঘাট', '59');
INSERT INTO thanas (id, district_id, division_id, name, nameBn, bbsCode) VALUES ('539', '64', '7', 'SYLHET SADAR', 'সিলেট সদর', '62');
INSERT INTO thanas (id, district_id, division_id, name, nameBn, bbsCode) VALUES ('540', '64', '7', 'ZAKIGANJ', 'জকিগঞ্জ', '94');
INSERT INTO city_corporations (id, district_id, division_id, name, nameBn, bbsCode) VALUES ('11', '64', '7', 'SYLHET CITY CORP.', 'সিলেট সিটি কর্পোরেশন', '50');
INSERT INTO upazillas (id, district_id, division_id, name, nameBn, bbsCode) VALUES ('477', '64', '7', 'BALAGANJ', 'বালাগঞ্জ ', '8');
INSERT INTO upazillas (id, district_id, division_id, name, nameBn, bbsCode) VALUES ('478', '64', '7', 'BEANI BAZAR', 'বিয়ানীবাজার ', '17');
INSERT INTO upazillas (id, district_id, division_id, name, nameBn, bbsCode) VALUES ('479', '64', '7', 'BISHWANATH', 'বিশ্বনাথ ', '20');
INSERT INTO upazillas (id, district_id, division_id, name, nameBn, bbsCode) VALUES ('480', '64', '7', 'COMPANIGANJ', 'কোম্পানীগঞ্জ ', '27');
INSERT INTO upazillas (id, district_id, division_id, name, nameBn, bbsCode) VALUES ('481', '64', '7', 'DAKSHIN SURMA', 'দক্ষিণ সুরমা ', '31');
INSERT INTO upazillas (id, district_id, division_id, name, nameBn, bbsCode) VALUES ('482', '64', '7', 'FENCHUGANJ', 'ফেঞ্চুগঞ্জ ', '35');
INSERT INTO upazillas (id, district_id, division_id, name, nameBn, bbsCode) VALUES ('483', '64', '7', 'GOLAPGANJ', 'গোলাপগঞ্জ ', '38');
INSERT INTO upazillas (id, district_id, division_id, name, nameBn, bbsCode) VALUES ('484', '64', '7', 'GOWAINGHAT', 'গোয়াইনঘাট ', '41');
INSERT INTO upazillas (id, district_id, division_id, name, nameBn, bbsCode) VALUES ('485', '64', '7', 'JAINTIAPUR', 'জৈন্তাপুর ', '53');
INSERT INTO upazillas (id, district_id, division_id, name, nameBn, bbsCode) VALUES ('486', '64', '7', 'KANAIGHAT', 'কানাইঘাট ', '59');
INSERT INTO upazillas (id, district_id, division_id, name, nameBn, bbsCode) VALUES ('487', '64', '7', 'SYLHET SADAR', 'সিলেট সদর ', '62');
INSERT INTO upazillas (id, district_id, division_id, name, nameBn, bbsCode) VALUES ('488', '64', '7', 'ZAKIGANJ', 'জকিগঞ্জ ', '94');
INSERT INTO upazillas (id, district_id, division_id, name, nameBn, bbsCode) VALUES ('490', '64', '7', 'OSMANINAGAR', 'ওসমানীনগর ', '95');
INSERT INTO divisions (id, bbsCode, name, nameBn) VALUES ('9', '45', 'Mymensingh', 'ময়মনসিংহ');
INSERT INTO districts (id, division_id, bbsCode, name, nameBn) VALUES ('22', '9', '39', 'JAMALPUR', 'জামালপুর ');
INSERT INTO thanas (id, district_id, division_id, name, nameBn, bbsCode) VALUES ('235', '22', '9', 'BAKSHIGANJ', 'বকশিগঞ্জ', '07');
INSERT INTO thanas (id, district_id, division_id, name, nameBn, bbsCode) VALUES ('236', '22', '9', 'DEWANGANJ', 'দেওয়ানগঞ্জ', '15');
INSERT INTO thanas (id, district_id, division_id, name, nameBn, bbsCode) VALUES ('237', '22', '9', 'ISLAMPUR', 'ইসলামপুর', '29');
INSERT INTO thanas (id, district_id, division_id, name, nameBn, bbsCode) VALUES ('238', '22', '9', 'JAMALPUR SADAR', 'জামালপুর সদর', '36');
INSERT INTO thanas (id, district_id, division_id, name, nameBn, bbsCode) VALUES ('239', '22', '9', 'MADARGANJ', 'মাদারগঞ্জ', '58');
INSERT INTO thanas (id, district_id, division_id, name, nameBn, bbsCode) VALUES ('240', '22', '9', 'MELANDAHA', 'মেলান্দহ', '61');
INSERT INTO thanas (id, district_id, division_id, name, nameBn, bbsCode) VALUES ('241', '22', '9', 'SARISHABARI UPAZILA', 'সরিষাবাড়ী', '85');
INSERT INTO upazillas (id, district_id, division_id, name, nameBn, bbsCode) VALUES ('173', '22', '9', 'BAKSHIGANJ', 'বকশীগঞ্জ', '7');
INSERT INTO upazillas (id, district_id, division_id, name, nameBn, bbsCode) VALUES ('174', '22', '9', 'DEWANGANJ', 'দেওয়ানগঞ্জ', '15');
INSERT INTO upazillas (id, district_id, division_id, name, nameBn, bbsCode) VALUES ('175', '22', '9', 'ISLAMPUR', 'ইসলামপুর', '29');
INSERT INTO upazillas (id, district_id, division_id, name, nameBn, bbsCode) VALUES ('176', '22', '9', 'JAMALPUR SADAR', 'জামালপুর সদর', '36');
INSERT INTO upazillas (id, district_id, division_id, name, nameBn, bbsCode) VALUES ('177', '22', '9', 'MADARGANJ', 'মাদারগঞ্জ', '58');
INSERT INTO upazillas (id, district_id, division_id, name, nameBn, bbsCode) VALUES ('178', '22', '9', 'MELANDAHA', 'মেলান্দহ', '61');
INSERT INTO upazillas (id, district_id, division_id, name, nameBn, bbsCode) VALUES ('179', '22', '9', 'SARISHABARI UPAZILA', 'সরিষাবাড়ী', '85');
INSERT INTO districts (id, division_id, bbsCode, name, nameBn) VALUES ('27', '9', '61', 'MYMENSINGH', 'ময়মনসিংহ ');
INSERT INTO thanas (id, district_id, division_id, name, nameBn, bbsCode) VALUES ('351', '27', '9', 'BHALUKA', 'ভালুকা', '13');
INSERT INTO thanas (id, district_id, division_id, name, nameBn, bbsCode) VALUES ('352', '27', '9', 'DHOBAURA', 'ধোবাউড়া', '16');
INSERT INTO thanas (id, district_id, division_id, name, nameBn, bbsCode) VALUES ('353', '27', '9', 'FULBARIA', 'ফুলবাড়ীয়া', '20');
INSERT INTO thanas (id, district_id, division_id, name, nameBn, bbsCode) VALUES ('354', '27', '9', 'GAFFARGAON', 'গফরগাঁও', '22');
INSERT INTO thanas (id, district_id, division_id, name, nameBn, bbsCode) VALUES ('355', '27', '9', 'GAURIPUR', 'গৌরীপুর', '23');
INSERT INTO thanas (id, district_id, division_id, name, nameBn, bbsCode) VALUES ('356', '27', '9', 'HALUAGHAT', 'হালুয়াঘাট', '24');
INSERT INTO thanas (id, district_id, division_id, name, nameBn, bbsCode) VALUES ('357', '27', '9', 'ISHWARGANJ', 'ঈশ্বরগঞ্জ', '31');
INSERT INTO thanas (id, district_id, division_id, name, nameBn, bbsCode) VALUES ('358', '27', '9', 'MYMENSINGH SADAR', 'ময়মনসিংহ সদর', '52');
INSERT INTO thanas (id, district_id, division_id, name, nameBn, bbsCode) VALUES ('359', '27', '9', 'MUKTAGACHHA', 'মুক্তাগাছা', '65');
INSERT INTO thanas (id, district_id, division_id, name, nameBn, bbsCode) VALUES ('360', '27', '9', 'NANDAIL', 'নান্দাইল', '72');
INSERT INTO thanas (id, district_id, division_id, name, nameBn, bbsCode) VALUES ('361', '27', '9', 'PHULPUR', 'ফুলপুর', '81');
INSERT INTO thanas (id, district_id, division_id, name, nameBn, bbsCode) VALUES ('362', '27', '9', 'TARAKANDA', 'তারাকান্দা', '88');
INSERT INTO thanas (id, district_id, division_id, name, nameBn, bbsCode) VALUES ('363', '27', '9', 'TRISHAL', 'ত্রিশাল', '94');
INSERT INTO upazillas (id, district_id, division_id, name, nameBn, bbsCode) VALUES ('210', '27', '9', 'BHALUKA', 'ভালুকা', '13');
INSERT INTO upazillas (id, district_id, division_id, name, nameBn, bbsCode) VALUES ('211', '27', '9', 'DHOBAURA', 'ধোবাউড়া', '16');
INSERT INTO upazillas (id, district_id, division_id, name, nameBn, bbsCode) VALUES ('212', '27', '9', 'FULBARIA', 'ফুলবাড়ীয়া', '20');
INSERT INTO upazillas (id, district_id, division_id, name, nameBn, bbsCode) VALUES ('213', '27', '9', 'GAFFARGAON', 'গফরগাঁও', '22');
INSERT INTO upazillas (id, district_id, division_id, name, nameBn, bbsCode) VALUES ('214', '27', '9', 'GAURIPUR', 'গৌরীপুর', '23');
INSERT INTO upazillas (id, district_id, division_id, name, nameBn, bbsCode) VALUES ('215', '27', '9', 'HALUAGHAT', 'হালুয়াঘাট', '24');
INSERT INTO upazillas (id, district_id, division_id, name, nameBn, bbsCode) VALUES ('216', '27', '9', 'ISHWARGANJ', 'ঈশ্বরগঞ্জ', '31');
INSERT INTO upazillas (id, district_id, division_id, name, nameBn, bbsCode) VALUES ('217', '27', '9', 'MYMENSINGH SADAR', 'ময়মনসিংহ সদর', '52');
INSERT INTO upazillas (id, district_id, division_id, name, nameBn, bbsCode) VALUES ('218', '27', '9', 'MUKTAGACHHA', 'মুক্তাগাছা', '65');
INSERT INTO upazillas (id, district_id, division_id, name, nameBn, bbsCode) VALUES ('219', '27', '9', 'NANDAIL', 'নান্দাইল', '72');
INSERT INTO upazillas (id, district_id, division_id, name, nameBn, bbsCode) VALUES ('220', '27', '9', 'PHULPUR', 'ফুলপুর', '81');
INSERT INTO upazillas (id, district_id, division_id, name, nameBn, bbsCode) VALUES ('221', '27', '9', 'TARAKANDA', 'তারাকান্দা', '88');
INSERT INTO upazillas (id, district_id, division_id, name, nameBn, bbsCode) VALUES ('222', '27', '9', 'TRISHAL', 'ত্রিশাল', '94');
INSERT INTO districts (id, division_id, bbsCode, name, nameBn) VALUES ('30', '9', '72', 'NETRAKONA', 'নেত্রকোণা ');
INSERT INTO thanas (id, district_id, division_id, name, nameBn, bbsCode) VALUES ('401', '30', '9', 'ATPARA', 'আটপাড়া', '04');
INSERT INTO thanas (id, district_id, division_id, name, nameBn, bbsCode) VALUES ('402', '30', '9', 'BARHATTA', 'বারহাট্টা', '09');
INSERT INTO thanas (id, district_id, division_id, name, nameBn, bbsCode) VALUES ('403', '30', '9', 'DURGAPUR', 'দূর্গাপুর', '18');
INSERT INTO thanas (id, district_id, division_id, name, nameBn, bbsCode) VALUES ('404', '30', '9', 'KHALIAJURI', 'খলিয়াজুরী', '38');
INSERT INTO thanas (id, district_id, division_id, name, nameBn, bbsCode) VALUES ('405', '30', '9', 'KALMAKANDA', 'কলমাকান্দা', '40');
INSERT INTO thanas (id, district_id, division_id, name, nameBn, bbsCode) VALUES ('406', '30', '9', 'KENDUA', 'কেন্দুয়া', '47');
INSERT INTO thanas (id, district_id, division_id, name, nameBn, bbsCode) VALUES ('407', '30', '9', 'MADAN', 'মদন ', '56');
INSERT INTO thanas (id, district_id, division_id, name, nameBn, bbsCode) VALUES ('408', '30', '9', 'MOHANGANJ', 'মোহনগঞ্জ', '63');
INSERT INTO thanas (id, district_id, division_id, name, nameBn, bbsCode) VALUES ('409', '30', '9', 'NETROKONA SADAR', 'নেত্রকোনা সদর', '74');
INSERT INTO thanas (id, district_id, division_id, name, nameBn, bbsCode) VALUES ('410', '30', '9', 'PURBADHALA', 'পূর্বধলা', '83');
INSERT INTO upazillas (id, district_id, division_id, name, nameBn, bbsCode) VALUES ('233', '30', '9', 'ATPARA', 'আটপাড়া', '4');
INSERT INTO upazillas (id, district_id, division_id, name, nameBn, bbsCode) VALUES ('234', '30', '9', 'BARHATTA', 'বারহাট্টা', '9');
INSERT INTO upazillas (id, district_id, division_id, name, nameBn, bbsCode) VALUES ('235', '30', '9', 'DURGAPUR', 'দুর্গাপুর', '18');
INSERT INTO upazillas (id, district_id, division_id, name, nameBn, bbsCode) VALUES ('236', '30', '9', 'KHALIAJURI', 'খালিয়াজুরী', '38');
INSERT INTO upazillas (id, district_id, division_id, name, nameBn, bbsCode) VALUES ('237', '30', '9', 'KALMAKANDA', 'কলমাকান্দা', '40');
INSERT INTO upazillas (id, district_id, division_id, name, nameBn, bbsCode) VALUES ('238', '30', '9', 'KENDUA', 'কেন্দুয়া', '47');
INSERT INTO upazillas (id, district_id, division_id, name, nameBn, bbsCode) VALUES ('239', '30', '9', 'MADAN', 'মদন', '56');
INSERT INTO upazillas (id, district_id, division_id, name, nameBn, bbsCode) VALUES ('240', '30', '9', 'MOHANGANJ', 'মোহনগঞ্জ', '63');
INSERT INTO upazillas (id, district_id, division_id, name, nameBn, bbsCode) VALUES ('241', '30', '9', 'NETROKONA SADAR', 'নেত্রকোণা সদর', '74');
INSERT INTO districts (id, division_id, bbsCode, name, nameBn) VALUES ('33', '9', '89', 'SHERPUR', 'শেরপুর ');
INSERT INTO thanas (id, district_id, division_id, name, nameBn, bbsCode) VALUES ('513', '33', '9', 'JHENAIGATI', 'ঝিনাইঘাতি', '37');
INSERT INTO thanas (id, district_id, division_id, name, nameBn, bbsCode) VALUES ('514', '33', '9', 'NAKLA', 'নকলা', '67');
INSERT INTO thanas (id, district_id, division_id, name, nameBn, bbsCode) VALUES ('515', '33', '9', 'NALITABARI', 'নালিতাবাড়ী', '70');
INSERT INTO thanas (id, district_id, division_id, name, nameBn, bbsCode) VALUES ('516', '33', '9', 'SHERPUR SADAR', 'শেরপুর সদর', '88');
INSERT INTO thanas (id, district_id, division_id, name, nameBn, bbsCode) VALUES ('517', '33', '9', 'SREEBARDI', 'শ্রীবর্দি', '90');
INSERT INTO upazillas (id, district_id, division_id, name, nameBn, bbsCode) VALUES ('253', '33', '9', 'JHENAIGATI', 'ঝিনাইগাতী', '37');
INSERT INTO upazillas (id, district_id, division_id, name, nameBn, bbsCode) VALUES ('254', '33', '9', 'NAKLA', 'নকলা', '67');
INSERT INTO upazillas (id, district_id, division_id, name, nameBn, bbsCode) VALUES ('255', '33', '9', 'NALITABARI', 'নালিতাবাড়ী', '70');
INSERT INTO upazillas (id, district_id, division_id, name, nameBn, bbsCode) VALUES ('256', '33', '9', 'SHERPUR SADAR', 'শেরপুর সদর', '88');
INSERT INTO upazillas (id, district_id, division_id, name, nameBn, bbsCode) VALUES ('257', '33', '9', 'SREEBARDI', 'শ্রীবরদী', '90');